,매장명,주소,전화번호
0,다이소 명동본점,명동길 43,02-3789-6016
1,다이소 명동역점,퇴계로 134-1,02-318-6017
2,다이소 공릉점,공릉1동 동일로192길 29,02-976-0006
3,다이소 외대역점,이문동 휘경로 15,02-963-6016
4,다이소 중계역점,중계2.3동,
5,다이소 먹골역점,묵동 동일로157가길 6,
6,다이소 노원문화의거리점,상계6.7동 노해로79길 6-19,02-935-6016
7,다이소 청량리역점,청량리동,02-960-6016
8,다이소 도봉점,도봉동 611-26,02-955-3527
9,다이소 회기역점,휘경동 320-3,070-8259-3320
10,다이소 방학역점,방학제1동 도봉로 696,02-3494-6016
11,다이소 홍대2호점,양화로 182,02-336-6016
12,다이소 건대입구점,아차산로 225 지하 1층,02-464-6016
13,다이소 대지시장점,솔샘로 239,02-988-6016
14,다이소 신촌본점.ダイソー daiso,노고산동 신촌로 90 신촌역,02-335-6016
15,다이소 강남본점,강남대로 372 파인타워,050-71386-6017
16,다이소 동대문점,창신동 율곡로 309,02-741-6016
17,다이소 수유본점,번동 도봉로 342,
18,다이소 홍대입구점,서교동 356-1,
19,다이소 종로본점,종로2가 삼일대로 395,02-730-6016
20,다이소 압구정역점,논현로 878,
21,다이소 정릉시장점,정릉동 보국문로 9,
22,다이소 장한평역점,장안동 장한로 10 지하 1층,02-3394-6014
23,다이소 성수점,성수동2가 561-1번지 승재빌딩 1층 성동구 서울특별시 KR,02-465-1331
24,다이소 안암동점,안암동5가 104-30,02-925-6016
25,다이소 성신여대역점,동선동1가 동소문로나길 2,02-921-6018
26,다이소 답십리점,천호대로 308,02-3394-6015
27,다이소 서울대입구점,봉천동 남부순환로 1840,02-882-6016
28,다이소 서울시청광장점,세종대로 93,02-318-6016
29,다이소 삼양시장점,미아동 761-1,
30,다이소 방이시장점,방이동 백제고분로48길 5,02-422-6016
31,다이소 장안사거리점,장안동 369-3,02-2244-6016
32,다이소 망우2호점,망우동 망우로 416,02-433-6016
33,다이소 한성대입구역2호점,동소문로 14,02-762-6016
34,다이소 화양동점,광나루로 370,02-462-6016
35,다이소 서울역점,한강대로 405,02-6020-3963
36,다이소 대학로점,대학로 140,02-747-6016
37,다이소 상봉역점,상봉동 100-29,
38,다이소 아차산역점,구의제2동 천호대로 661,
39,다이소 코엑스몰점,서울,02-556-6016
40,다이소 이태원점,이태원로15길 1,02-792-6016
41,다이소 경동시장점,제기동 번지 지하 1054-1 1층,
42,다이소 신사점,서울특별시 강남구,02-511-6016
43,다이소 이대역점,신촌로 183,02-364-6016
44,다이소 대치역점,남부순환로 2921,050-71397-6017
45,다이소 신사점,"-dong, 18 논현1동",02-511-6016
46,다이소 종암점,종암동 종암로21길 3 용진빌딩,070-7565-3320
47,다이소 안국역2호점,안국동 율곡로 45,02-732-6016
48,다이소 마천점,마천동 127-9번지 지하 송파구 서울특별시 KR,02-400-6350
49,다이소 대치본점,도곡로 435,02-564-6016
50,다이소 교대역점,서초동 서초대로 320,02-532-6001
51,다이소 잠실점,석촌호수로 88,02-416-6017
52,다이소 GS슈퍼명일점,명일동 312-99,
53,다이소 강남구청역점,학동로 346 지하,02-515-6016
54,다이소 강남고속버스터미널점,신반포로 194 서울고속버스터미널 지하 1층,02-533-6016
55,다이소 중계동점,중계동 364-19,02-932-6016
56,다이소 양재2호점,양재동 남부순환로 2614 한솔로이젠트,02-574-6016
57,다이소 석계역점,월계동 63-10,02-943-5394
58,다이소 고덕점,서울특별시 강동구,02-3426-6016
59,다이소 경복궁역점,적선동 사직로 125,02-733-6016
60,다이소 송파구청점,방이동 오금로 87 지하 1층,02-424-6016
61,다이소 선릉점,대치동 테헤란로 414 엘앤비타워,02-538-6016
62,다이소 중곡역점,면목로 147,02-461-6016
63,다이소 한티역점,도곡동 538-1,
64,다이소 합정동점,합정동 독막로 33-1,02-332-6019
65,다이소 강북구청사거리점,한천로 1038,
66,다이소 신촌명물거리점,명물길 27,02-362-6016
67,다이소 신논현역점,역삼동 강남대로 470,02-554-6016
68,다이소 매봉역점,서울특별시 강남구,1522-4400
69,다이소 둔촌동역점,양재대로 1355 지하 1층,02-471-6016
70,다이소 노원본점,동일로 1392,02-930-5031
71,다이소 용산아이파크몰점,한강로동 한강대로21나길 17,02-2012-0337
72,다이소 도곡점,도곡동 544-2,02-529-6016
73,다이소 여의도점,여의나루로 61,02-761-6016
74,다이소 낙성대점,봉천동 1656-10,02-883-6016
75,다이소 창동3호점,창동 덕릉로63가길 68,02-900-8033
76,다이소 대방점,여의대방로 190,
77,다이소 롯데슈퍼홍제2점,홍제동 469,02-482-6013
78,다이소 전농점,전농동 38-24번지 전농동 1층 동대문구 서울특별시 KR,070-7739-3320
79,다이소 구산역점,갈현동 468-2,
80,다이소 구로디지털 2호점,신림동 시흥대로 557 지하 1층,02-851-6016
81,다이소 혜화점,창경궁로 239,02-764-6016
82,다이소 남영역점,갈월동 한강대로77길 12 국제전산빌딩,02-702-6016
83,다이소 경기마트길음점,길음동 길음로9길 50,02-942-0066
84,다이소 동묘점,숭인동 85,02-766-6016
85,다이소 남성역점,사당로17가길 16 지하 1층,02-532-5473
86,다이소 상암월드컵점,성산제2동 월드컵로 240,
87,다이소 롯데슈퍼전농점,서울특별시 동대문구,02-405-0800
88,다이소 홈플러스동대문점,용신동 47-9,
89,다이소 금호금남시장점,독서당로 290-1,02-2298-6015
90,다이소 상일동역점,고덕동 고덕로 399,02-426-6016
91,다이소 상왕십리역점,하왕십리동 890-181,02-2299-6016
92,다이소 롯데마트영등포점,영등포동8가 62-1,
93,다이소 사당2호점,남부순환로 2057,02-586-6016
94,다이소 성대시장점,상도동 상도로 102 성대시장,02-814-6016
95,다이소 봉천2호점,봉천동 남부순환로 1731,02-3285-6015
96,다이소 홈플러스중계점,중계2.3동 동일로204가길 12 1층,
97,다이소 응암본점,영업 중 ⋅ 오후 10:00에 영업 종료,
98,다이소 신림점,호암로 605,02-3285-6016
99,다이소 흑석점,흑석동 서달로 161-1,02-824-6016
100,다이소 신림3호점,서원동 신림로 318,02-874-6016
101,다이소 상봉역점,상봉제1동 망우로 289,02-435-6016
102,다이소 구의역점,서울특별시 광진구,02-454-6010
103,다이소 목동사거리점,화곡동 등촌로5가길 2,02-2653-3016
104,다이소 가좌역점,남가좌동 수색로 26,
105,다이소 동덕여대점,월곡제2동 18-50 2층,
106,다이소 번동점,번동 오현로 190,02-982-6016
107,다이소 엔터식스왕십리역점,행당동 왕십리광장로 17,02-2220-6026
108,다이소 군자역점,능동 276-2,02-456-6016
109,다이소 연희동점,연희로 83,
110,다이소 남부터미널점,서초중앙로 36,02-521-8498
111,다이소동대문점,을지로6가 17-2 ga,
112,다이소 아현역점,아현동 신촌로 270,02-363-6016
113,다이소,면목제7동 627-1,
114,다이소 동부시장점,상봉동 130번지 하층1층 중랑구 서울특별시 KR,070-4100-3320
115,다이소 수유시장점,미아동 도봉로 260 운산빌딩,02-987-6019
116,다이소 난곡사거리점,남부순환로 1474,02-867-6016
117,다이소 발산역점,서울특별시 강서구,02-2658-6016
118,다이소 영동프라자점,논현동 강남대로128길 20,02-515-6018
119,다이소 대림사거리점,신대방동 607-26번지 1층 1호,02-848-0719
120,다이소 수유역점,번동 446-14,02-907-6016
121,다이소 GS슈퍼관악점,청룡동 쑥고개로 111 LG수퍼마켓봉천점,02-873-0637
122,다이소 상도점,상도제1동 상도로 277,02-3280-6022
123,다이소 대신시장점,신길동 110-5번지 지하1층 B동 01호 태화빌딩 영등포구 서울특별시 KR,02-831-2135
124,다이소 홍제역점,홍제동 161-1,
125,다이소 사당1호점,사당제1동 동작대로 43,02-582-6016
126,다이소 현대백화점디큐브시티점,신도림동 경인로 662 디큐브시티,02-2210-9741
127,다이소 이수점,사당동 134-3,02-535-6016
128,다이소 하나로마트성산점,성산동 월드컵북로 233,
129,다이소 옥수역점,동호로 21,02-2292-6016
130,다이소 불광역점,대조동 통일로67길 3 상일빌딩,02-353-6016
131,다이소 종각점,종로 66,02-735-6016
132,다이소 암사점,서울특별시 암사1동 암사동 502-19번지 강동구 서울특별시,02-441-6016
133,다이소 당산점,당산동5가 양평로 49 대림빌딩,02-3667-6016
134,다이소 방배역점,방배동 효령로 117 한성빌딩,02-525-6016
135,다이소 내방역점,방배동 서초대로24길 3,02-584-6019
136,다이소 효창공원점,용문동 효창원로 112,02-715-5001
137,다이소 강남역2호점,02-3452-6016,
138,다이소 쌍문역점,도봉로 491,02-902-6016
139,다이소 응암역점,02-304-6016,
140,다이소 별내점,경기도 남양주시,031-528-1088
141,다이소 경기광주본점,경기도 광주시,031-798-6016
142,다이소 구리갈매점,산마루로 6,031-575-6016
143,다이소 미사조정경기장점,경기도 하남시,031-792-6017
144,다이소 별내본점,경기도 남양주시,031-529-6016
145,다이소 경기광주초월점,경기도 광주시,031-797-6016
146,다이소 경기광주퇴촌점,경기도 광주시,
147,다이소 의정부역서부점,경기도 의정부시,031-877-6016
148,다이소 망월사역점,호원동 454-18번지 의정부시 경기도 KR,031-877-7928
149,다이소별내북부점,경기도 남양주시,031-572-3380
150,다이소 곤지암점,곤지암읍 곤지암리 434-2번지 광주시 경기도 KR,031-762-6376
151,다이소경기광주신현점,경기도 광주시,031-711-4225
152,다이소 의정부금오점,경기도 의정부시,031-853-6016
153,다이소 경기마트길음점,서울특별시 성북구,02-942-0066
154,다이소 과천점,경기도 과천시,02-504-6017
155,다이소 구리인창동점,동구릉로 63번길,031-567-6016
156,다이소 공릉점,서울특별시 노원구,02-976-0006
157,다이소 의정부민락점,경기도 의정부시,031-852-6016
158,다이소 양주고읍점,경기도 양주시,031-848-6016
159,다이소 도농역점,경기도 남양주시,031-552-6016
160,다이소 구리토평점,토평동 벌말로 114,031-556-6016
161,다이소 의정부점,031-846-6016,
162,다이소 노원문화의거리점,서울특별시 노원구,02-935-6016
163,다이소 석계역점,서울특별시 노원구,02-943-5394
164,다이소 일산위시티점,경기도 고양시,031-967-6016
165,다이소 부천상동역점,경기도 부천시,032-324-6016
166,다이소 의정부회룡점,경기도 의정부시,031-871-6016
167,다이소 의정부3호점,경기도 의정부시,031-837-6016
168,다이소 굿모닝마트신곡점,경기도 의정부시,02-405-0800
169,다이소 부천본점,경기도 부천시,032-611-6016
170,다이소 성남태평점,경기도 성남시,031-753-6014
171,다이소 용인보정점,경기도 용인시,031-897-6870
172,다이소 수유본점,서울특별시 강북구,
173,다이소 의왕오전점,031-456-7667,
174,다이소 다산신도시점,경기도 남양주시,
175,다이소 광명사거리점,경기도 광명시,02-2616-6016
176,다이소 의정부녹양점,경기도 의정부시,031-836-6016
177,다이소 죽전사거리점,경기도 용인시,
178,다이소 구리역점,인창동 676-6,031-556-6010
179,다이소 군포당동점,경기도 군포시,031-396-5230
180,다이소 하남미사점,경기도 하남시,031-795-6017
181,다이소 수원탑동점,권선구 탑동 748-2번지 수원시 경기도 KR,031-8013-2202
182,다이소시흥대야점,경기도 시흥시,031-315-6017
183,다이소 퇴계원점,경기도 남양주시,031-527-2066
184,다이소 스타필드위례점,경기도 하남시,
185,다이소 진건점,경기도 남양주시,031-527-2340
186,다이소 용인성복점,경기도 용인시,031-263-7090
187,다이소 송내역점,경기도 부천시,032-665-6016
188,다이소 용인흥덕점,경기도 용인시,050-71304-7801
189,다이소,경기도 양주시,
190,다이소 박달점,경기도 안양시,031-441-0080
191,다이소 수원대점,경기도 화성시,031-226-9670
192,다이소 용인양지점,경기도 용인시,031-338-7959
193,다이소 AK&기흥점,경기도 용인시,031-282-6016
194,다이소 은행사거리점,수정구 양지동 532번지 성남시 경기도 KR,031-741-4255
195,다이소 세이브존 화정점,경기도 고양시,031-978-9000
196,다이소 구리2호점,수택동 417-2,031-566-6016
197,다이소 상왕십리역점,서울특별시 성동구,02-2299-6016
198,다이소 GS슈퍼능곡점,경기도 고양시,031-971-5852
199,다이소 상록수역점,경기도 안산시,
200,다이소,처인구 포곡읍 둔전리 190-11번지 101호 용인시 경기도 KR,031-334-0217
201,다이소 양평양수리점,경기도 양평군,010-9923-6940
202,다이소 상일동역점,서울특별시 강동구,02-426-6016
203,다이소 단대오거리점,경기도 성남시,031-744-6016
204,다이소,경기도 광주시,
205,다이소 궐동점,경기도 오산시,031-375-7128
206,다이소 동탄점,경기도 화성시,031-8003-6016
207,다이소 롯데마트화정점,경기도 고양시,
208,다이소 하남덕풍점,경기도 하남시,070-4843-1333
209,다이소,경기도 광주시,
210,다이소 용인송전점,경기도 용인시,031-338-0007
211,다이소 도봉점,서울특별시 도봉구,02-955-3527
212,다이소롯데마트의정부점,경기도 의정부시,031-852-2017
213,다이소 GS슈퍼명일점,서울특별시 강동구,
214,다이소 노원본점,서울특별시 노원구,02-930-5031
215,다이소 금호금남시장점,서울특별시 성동구,02-2298-6015
216,다이소 구갈점,경기도 용인시,031-287-6017
217,다이소 중계역점,서울특별시 노원구,
218,다이소 종암점,서울특별시 성북구,070-7565-3320
219,다이소 용인강남대점,기흥구 구갈동 581번지 203호 용인시 경기도 KR,031-287-0603
220,다이소 고덕점,서울특별시 강동구,02-3426-6016
221,다이소 일산백마점,경기도 고양시,
222,Daiso,경기도 남양주시,
223,다이소 쌍문세라믹사거리점,영업 중 ⋅ 오후 10:00에 영업 종료,
224,다이소 스타필드고양점,경기도 고양시,031-5173-0010
225,다이소 성남모란점,경기도 성남시,031-722-6016
226,다이소 둔촌동역점,서울특별시 강동구,02-471-6016
227,다이소 답십리점,서울특별시 성동구,02-3394-6015
228,다이소 김포장기점,경기도 김포시,031-989-6016
229,다이소 삼양시장점,서울특별시 강북구,
230,다이소 성남신흥역점,경기도 성남시,031-732-6015
231,다이소 대지시장점,서울특별시 강북구,02-988-6016
232,다이소 강북구청사거리점,서울특별시 강북구,
233,다이소 상봉역점,서울특별시 중랑구,
234,다이소 하남시청점,031-795-6016,
235,다이소화성조암점,경기도 화성시,031-358-9670
236,다이소 성남고등지구점,성남시,031-755-2911
237,다이소 성남중앙로점,경기도 성남시,031-723-6019
238,다이소 원당점,경기도 고양시,031-967-6018
239,다이소 동탄반송점,경기도 화성시,
240,다이소시흥정왕시장점,031-431-0082,
241,다이소 죽전본점,경기도 용인시,031-272-6016
242,다이소 외대역점,서울특별시 동대문구,02-963-6016
243,다이소 가천대점,경기도 성남시,
244,다이소 위례본점,서울특별시 송파구,02-430-6016
245,다이소 굿모닝마트오남2호점,경기도 남양주시,
246,다이소 화성봉담2호점,경기도 화성시,
247,다이소 천호본점,02-475-6016,
248,다이소 금곡점,금곡동 427-31번지 1층 남양주시 경기도 KR,
249,Daiso,031-767-4588,
250,다이소 옥수역점,서울특별시 성동구,02-2292-6016
251,다이소 정릉시장점,서울특별시 성북구,
252,다이소 송파파크하비오점,서울특별시 송파구,02-403-6016
253,다이소 고양행신점,경기도 고양시,031-974-6016
254,다이소 평택세교점,경기도 평택시,031-691-6016
255,다이소 송탄바로E마트,경기도 평택시,031-611-3637
256,다이소 일산웨스턴돔점,경기도 고양시,031-902-6015
257,다이소 평택포승점,경기도 평택시,031-681-9749
258,다이소 안암동점,서울특별시 성북구,02-925-6016
259,다이소 번동점,서울특별시 강북구,02-982-6016
260,다이소 인천송도1호점,인천광역시 연수구,032-831-7486
261,다이소 인천동춘점,인천광역시 연수구,032-822-8628
262,다이소 인천만수점,영업 중 ⋅ 오후 9:00에 영업 종료,
263,다이소인천당하점,인천광역시 서구,032-565-6017
264,다이소인천갈산점,인천광역시 부평구,031-361-9670
265,다이소 인천불로동점,인천광역시 서구,032-562-6017
266,다이소 인천신기사거리점,인천광역시 미추홀구,
267,다이소 인천검암점,인천광역시 서구,032-563-6017
268,다이소 인천도화동점,인천광역시 미추홀구,
269,다이소인천논현점,인천광역시 남동구,032-442-6016
270,다이소 인천서창점,인천광역시 남동구,032-462-6016
271,다이소 인천청라2호점,인천광역시 서구,032-561-6019
272,다이소 인천검단사거리역점,인천광역시 서구,032-567-6017
273,다이소 인천가정동점,인천광역시 서구,032-563-6016
274,다이소 인천용현시장점,인천광역시 미추홀구,032-888-7078
275,다이소 인천가좌시장점,인천광역시 서구,032-576-6016
276,다이소 인천옥련시장점,인천광역시 연수구,032-831-6016
277,다이소 인천송림동,인천광역시 동구,032-764-6016
278,다이소 인천심곡동점,인천광역시 서구,032-564-6016
279,다이소 인천석남점,인천광역시 서구,032-571-1587
280,다이소인천석바위시장점,032-428-6016,
281,다이소 인천강남시장점,인천광역시 서구,032-578-6016
282,다이소 인천산곡점,인천광역시 부평구,
283,다이소 계산1호점,인천광역시 계양구,032-544-6015
284,다이소 간석점,인천광역시 남동구,032-466-6016
285,다이소 송도트리플스트리트점,인천광역시 연수구,032-310-9698
286,다이소 인천구월본점,인천광역시 남동구,
287,다이소 인천주안역점,인천광역시 미추홀구,032-422-6015
288,다이소 부평시장점,인천광역시 부평구,032-514-6016
289,다이소 주안역점,인천광역시 미추홀구,032-864-6016
290,다이소 인천청학점,인천광역시 연수구,
291,다이소,구월동 1130번지 지하2층 남동구 인천광역시 KR,
292,다이소,인천광역시 서구,
293,다이소동인천점,지금 영업 중,
294,다이소 인천운서동점,인천광역시 중구,032-746-6016
295,다이소 부개3호점,부개동 12-112번지 2층 부평구 인천광역시 KR,032-505-2225
296,다이소,인천광역시 서구,032-583-6015
297,다이소 계산삼거리점,인천광역시 계양구,032-541-6016
298,다이소 병방시장점,인천광역시 계양구,032-541-6588
299,다이소 신포지하상가점,인천광역시 중구,032-765-6763
300,다이소 인천산곡역점,인천광역시 부평구,
301,다이소,인천광역시 남동구,032-446-6017
302,다이소 인천대입구역점,인천광역시 연수구,050-71379-6021
303,다이소 인천호구포점,인천광역시 남동구,032-428-5500
304,다이소 부평2호점,인천광역시 부평구,032-504-6016
305,다이소 경인교대점,인천광역시 계양구,032-544-6017
306,다이소 간석점,인천광역시 남동구,032-466-6016
307,다이소 영종하늘도시점,인천광역시 중구,032-752-6016
308,다이소 부평역남부점,인천광역시 부평구,
309,다이소 롯데마트삼산점,인천광역시 부평구,032-363-2116
310,다이소 인천연안부두점,인천광역시 중구,010-4640-2407
311,다이소 부평시장역점,인천광역시 부평구,032-503-6016
312,다이소 모래내시장점,032-469-6016,
313,다이소 작전역점,인천광역시 계양구,032-545-1016
314,다이소 인하대점,영업 중 ⋅ 오후 10:00에 영업 종료,
315,다이소 간석사거리점,032-429-6016,
316,다이소 강화본점,인천광역시 강화군,032-932-9602
317,다이소 롯데마트계양점,계산동 1059-1번지 12층 계양구 인천광역시 KR,
318,다이소 롯데마트검단점,인천광역시 서구,032-563-6018
319,다이소만수3지구점,인천광역시 남동구,032-765-4700
320,다이소 속초본점,강원도 속초시,
321,다이소 강릉내곡점,강원도 강릉시,033-643-1137
322,다이소 횡성점,강원도 횡성군,033-345-4955
323,다이소 원주단계점,강원도 원주시,033-742-1161
324,다이소 강릉중앙점,강원도 강릉시,033-645-5659
325,다이소 춘천온의점,강원도 춘천시,033-254-6016
326,다이소 강릉홍제점,강원도 강릉시,033-642-4254
327,다이소 춘천소양로점,강원도 춘천시,033-251-6016
328,다이소 원주기업도시점,강원도 원주시,033-731-6016
329,다이소홍천2호점,강원도 홍천군,
330,다이소,강원도 춘천시,
331,다이소 춘천후평점,강원도 춘천시,033-241-6017
332,다이소 동해천곡점,강원도 동해시,033-535-6016
333,다이소 원주행구점,강원도 원주시,033-900-5350
334,다이소 홍천점,강원도 홍천군,033-433-2090
335,다이소 속초점,강원도 속초시,033-631-6016
336,다이소,강원도 태백시,033-552-6016
337,다이소 강릉교동점,강원도 강릉시,033-655-6016
338,다이소 영월점,강원도 영월군,033-374-3377
339,다이소 원주혁신점,강원도 원주시,050-71398-6016
340,다이소 상지대사거리점,강원도 원주시,033-746-7336
341,다이소 원주무실점,강원도 원주시,033-744-6016
342,다이소 동해효가점,강원도 동해시,033-521-8030
343,다이소 주문진점,강원도 강릉시,033-662-4254
344,다이소 속초 교동점,강원도 속초시,033-631-4250
345,다이소 원주중앙시장점,강원도 원주시,
346,다이소인제점,033-462-5545,
347,다이소 굿모닝마트속초점,강원도 속초시,033-635-5000
348,다이소 화천점,강원도 화천군,033-442-5522
349,다이소 원주단구점,강원도 원주시,033-762-6016
350,다이소 신철원점,강원도 철원군,033-452-6240
351,다이소 원주문막점,강원도 원주시,033-734-2132
352,ダイソー,강원도 춘천시,
353,다이소 춘천퇴계점,033-262-2091,
354,다이소 롯데마트석사점,강원도 춘천시,
355,다이소삼척점,033-574-8008,
356,다이소 철원동송점,033-455-1408,
357,다이소 원마트강릉점,강원도 강릉시,
358,Daiso,강원도 강릉시,033-655-6000
359,다이소양구점,강원도 양구군,033-482-0039
360,다이소 경기광주본점,경기도 광주시,031-798-6016
361,다이소 경기광주초월점,경기도 광주시,031-797-6016
362,다이소경기광주신현점,경기도 광주시,031-711-4225
363,다이소 경기광주퇴촌점,경기도 광주시,
364,다이소,경기도 광주시,
365,다이소 곤지암점,곤지암읍 곤지암리 434-2번지 광주시 경기도 KR,031-762-6376
366,다이소,경기도 광주시,
367,Daiso,031-767-4588,
368,다이소 금호금남시장점,서울특별시 성동구,02-2298-6015
369,다이소 광주금호점,광주광역시 서구,062-655-6016
370,다이소 별내점,경기도 남양주시,031-528-1088
371,다이소 광주쌍암점,광주광역시 광산구,
372,다이소 광주첨단점,광주광역시 광산구,062-972-6016
373,다이소 광주말바우시장점,광주광역시 북구,062-261-6019
374,다이소 광주매곡점,광주광역시 북구,
375,다이소 광주운남삼거리점,광주광역시 광산구,062-956-6017
376,다이소 광주호남대점,광주광역시 광산구,062-944-6016
377,다이소 광주비엔날레점,광주광역시 북구,062-529-6243
378,다이소 광주봉선2호점,광주광역시 남구,062-651-6016
379,다이소 광주운암점,광주광역시 북구,062-529-6016
380,다이소 광주송정점,광주광역시 광산구,
381,다이소 광주월곡점,광주광역시 광산구,062-961-0091
382,다이소 의정부금오점,경기도 의정부시,031-853-6016
383,다이소 광주수완2호점,광주광역시 광산구,062-954-6016
384,다이소 광주수완점,광주광역시 광산구,062-953-6017
385,다이소 중곡역점,서울특별시 광진구,02-461-6016
386,다이소광주진월점,062-652-0866,
387,다이소 광주일곡점,광주광역시 북구,062-576-6015
388,다이소 의정부역서부점,경기도 의정부시,031-877-6016
389,다이소 노원문화의거리점,서울특별시 노원구,02-935-6016
390,다이소 광주평동점,광주광역시 광산구,062-946-1212
391,다이소 의정부점,031-846-6016,
392,다이소 군자역점,서울특별시 광진구,02-456-6016
393,다이소 광주삼각점,광주광역시 북구,062-263-1379
394,다이소 광주효천1지구점,광주광역시 남구,
395,Daiso,광주광역시 동구,062-222-6016
396,다이소 망월사역점,호원동 454-18번지 의정부시 경기도 KR,031-877-7928
397,다이소 쌍문역점,서울특별시 도봉구,02-902-6016
398,다이소 롯데슈퍼풍암점,광주광역시 서구,062-652-5601
399,다이소 상무점,광주광역시 서구,
400,다이소광주지석점,광주광역시 남구,
401,다이소 별내본점,경기도 남양주시,031-529-6016
402,다이소 쌍문세라믹사거리점,영업 중 ⋅ 오후 10:00에 영업 종료,
403,다이소 도봉점,서울특별시 도봉구,02-955-3527
404,다이소 의정부3호점,경기도 의정부시,031-837-6016
405,다이소 공릉점,서울특별시 노원구,02-976-0006
406,다이소 굿모닝마트신곡점,경기도 의정부시,02-405-0800
407,다이소 아차산역점,서울특별시 광진구,
408,다이소 대지시장점,서울특별시 강북구,02-988-6016
409,다이소 번동점,서울특별시 강북구,02-982-6016
410,다이소 광주하남지구점,광주광역시 광산구,
411,다이소 의정부녹양점,경기도 의정부시,031-836-6016
412,다이소 명동본점,서울특별시 중구,02-3789-6016
413,다이소 하나로클럽광주수완점,광주광역시 광산구,
414,다이소신창점,신창동 1239-6번지 1층 광산구 광주광역시 KR,062-962-6016
415,아성다이소 광주월산점,광주광역시 남구,062-366-6016
416,다이소 노원본점,서울특별시 노원구,02-930-5031
417,다이소 옥수역점,서울특별시 성동구,02-2292-6016
418,다이소 둔촌동역점,서울특별시 강동구,02-471-6016
419,다이소 구리갈매점,산마루로 6,031-575-6016
420,다이소 대전본점,용전동 동서대로1695번길 8,042-621-6016
421,다이소대전둔산타임월드점,둔산로 25,042-487-6017
422,다이소 대전시청점,둔산동 1493,042-472-6017
423,다이소 대전문화점,문화동 284-31,
424,다이소 대전선사점,월평2동 청사로123번길 41,042-484-9101
425,다이소 대전신성점,신성남로 43,042-863-6016
426,다이소대전산성점,대둔산로 381,042-581-0307
427,다이소 대전상대점,월드컵대로316번길 30,042-368-9393
428,다이소 대전중촌네거리점,대종로 625,042-253-6016
429,다이소 대전죽동점,죽동로 291,042-867-6016
430,다이소 대전도마2호점,도마동 127-8,042-533-6016
431,다이소 대전노은점,대전광역시 유성구,042-822-6016
432,다이소 대전송촌점,동춘당로94번길 11-21,042-638-9108
433,다이소 대전갈마2호점,신갈마로 187,
434,다이소대전목원대점,대전광역시 서구,042-826-5959
435,다이소 대전오류점,대전광역시 중구,042-537-6010
436,다이소 대전과기대점,복수남로 49,042-584-2156
437,다이소 갈마점,갈마로 69,
438,다이소 전민점,전민동 303-8,042-861-6016
439,다이소 대전유성온천역점,대학로 10,
440,다이소 대전오룡점,오류동 동서대로 1307,042-536-6016
441,다이소 대전가수원점,계백로 1135,042-543-6016
442,다이소 대전사무실,가양2동 423-9,042-638-6016
443,다이소 대전관평점,관평동 804,
444,다이소대전판암점,옥천로 122,
445,다이소 대전월평점,월평로 58,
446,다이소 대전배재대점,도마1동 24-47,042-523-6016
447,다이소 내동점,내동 160-19,042-528-6016
448,다이소대전원내점,원내동 100-7,042-544-6680
449,다이소 대전중앙로역점,042-255-6016,
450,다이소 대전갈마점,갈마2동 394-1,042-524-6016
451,다이소 대전용문점,용문동 589-5,042-537-6019
452,다이소대전관저점,관저중로80번길 2,042-542-7308
453,다이소 대전태평점,영업 중 ⋅ 오후 10:00에 영업 종료,
454,다이소대전산내점,낭월동 459번지 1층,
455,다이소 대전반석점,북유성대로316번길 11,042-826-6017
456,다이소 대전가오점,가오동 374-3,
457,다이소 대전중리점,042-639-1008,
458,다이소,학하서로121번길 55-13,
459,다이소 유성홈플러스 유성점,봉명동 669,042-826-6016
460,다이소 울산삼산본점,화합로 146,052-257-6016
461,다이소 울산무거점,대학로 126,052-223-6016
462,다이소 울산덕신점,온산읍 온덕2길 50,052-238-4471
463,다이소 울산서동점,동천서로 56,052-286-6016
464,다이소 울산태화루점,태화동 37-15,052-248-6016
465,다이소 울산병영점,곽남길 4,052-292-6016
466,다이소 울산호계점,호계동 호계로 254,052-292-6177
467,다이소울산태화동점,태화동 420-6,052-245-7233
468,다이소 울산방어진점,울산광역시 동구,052-201-6016
469,다이소울산옥동점,옥동 249-7,
470,다이소 울산구영점,범서읍 구영리 716-2,052-245-2229
471,다이소 울산상안동점,천곡동 416-7,
472,다이소 울산성남점,옥교동 시계탑거리 23,052-245-6016
473,다이소 울산신천점,농소2동 480-1,052-281-6016
474,다이소 울산신정점,신정동 177-13,052-275-6016
475,다이소 울산남목점,서부동 방어진순환도로 1133,052-251-6016
476,다이소 롯데마트울산점,삼산로 74,052-274-6017
477,다이소 울산서부상가점,서부동 257-5,052-201-6016
478,다이소 천상점,범서읍 천상길 12,052-245-0870
479,다이소 울산언양점,서부리 257-11 KR 울산광역시 울주군 언양읍 방천8길24가동402호,
480,다이소 음성혁신도시점,충청북도 음성군,
481,다이소 충북단양점,충청북도 단양군,043-421-3421
482,다이소 음성감곡점,043-883-0458,
483,다이소 충주점,충청북도 충주시,043-846-6016
484,다이소 광혜원점,충청북도 진천군,043-535-5979
485,다이소 보은점,충청북도 보은군,043-542-7149
486,다이소 청주오송점,충청북도 청주시,043-235-6017
487,다이소 음성점,043-873-8254,
488,다이소 영동점,충청북도 영동군,
489,다이소,충청북도 청원군,043-234-6012
490,다이소 오창점,충청북도 청주시,043-213-6016
491,다이소충주칠금점,충청북도 충주시,043-854-4555
492,다이소 청주우암점,충청북도 청주시,043-225-0425
493,다이소 청주용암점,충청북도 청주시,043-291-5335
494,다이소 청주본점,충청북도 청주시,043-223-6016
495,다이소 옥천점,충청북도 옥천군,043-731-6016
496,다이소 청주하복대점,충청북도 청주시,043-233-1384
497,다이소,043-832-4902,
498,다이소 청주산남2호점,충청북도 청주시,043-283-6016
499,다이소 충주법원사거리점,충주시,
500,다이소내수점,청원구 내수읍 마산리 181-6번지 청주시 충청북도 KR,043-213-8385
501,다이소 청주신봉네거리점,충청북도 청주시,043-274-6016
502,다이소 GS슈퍼진천점,충청북도 진천군,
503,daiso,충청북도 청주시,043-238-6016
504,다이소 청주율량2지구점,충청북도 청주시,043-212-6016
505,다이소 청주가경점,충청북도 청주시,
506,다이소 제천청전점,충청북도 제천시,043-651-9696
507,다이소 홈플러스청주점,충청북도 청주시,043-231-6017
508,다이소 롯데마트충주점,충청북도 충주시,
509,다이소 청주분평점,서원구 분평동 1368번지 호인리더스 청주시 충청북도 KR,043-295-6016
510,다이소영동점,영동읍 계산리 664-8번지 영동군 충청북도 KR,043-745-6016
511,다이소 청주강서점,충청북도 청주시,043-233-6015
512,다이소 청주개신오거리점,충청북도 청주시,043-221-6016
513,다이소 제천점,충청북도 제천시,043-646-4318
514,다이소청주봉명점,흥덕구 봉명동 2760번지 청주시 충청북도 KR,043-263-7776
515,다이소 청주사창점,충청북도 청주시,043-272-6016
516,다이소 청주율량점,충청북도 청주시,043-214-8739
517,다이소 증평점,충청북도 증평군,043-836-6013
518,다이소 음성점,충청북도 음성군,043-873-3120
519,다이소 충남보령점,충청남도 보령시,041-935-6016
520,다이소 충남홍성본점,지금 영업 중,
521,다이소천안직산점,충청남도 천안시,041-588-4567
522,다이소 배방점,충청남도 아산시,
523,다이소 당진신평,충청남도 당진시,041-363-6017
524,다이소 천안불당2호점,충청남도 천안시,041-563-6016
525,다이소 아산음봉점,충청남도 아산시,041-534-2466
526,다이소 천안성거점,충청남도 천안시,041-568-2299
527,다이소 내포신도시점,충청남도 홍성군,041-634-6016
528,다이소 아산점,충청남도 아산시,041-534-6016
529,다이소 신방통정지구점,충청남도 천안시,041-578-2335
530,다이소 아산탕정점,충청남도 아산시,041-545-6016
531,다이소 당진본점,충청남도 당진시,041-357-6016
532,다이소 천안청수점,충청남도 천안시,041-561-6016
533,다이소순천향대점,충청남도 아산시,
534,다이소 아산모종점,충청남도 아산시,041-532-6018
535,다이소 쌍용사거리점,충청남도 천안시,041-578-6016
536,다이소,충청남도 논산시,041-742-3336
537,다이소 천안불당점,충청남도 천안시,041-522-6016
538,다이소 아산둔포점,충청남도 아산시,010-4410-5437
539,다이소 공주점,충청남도 공주시,041-852-6016
540,다이소,충청남도 천안시,041-587-7208
541,다이소천안주공5단지점,충청남도 천안시,041-572-7009
542,다이소 서산본점,충청남도 서산시,041-681-6017
543,다이소 천안본점,충청남도 천안시,
544,다이소 서산대산점,충청남도 서산시,041-665-6016
545,다이소 종암점,서울특별시 성북구,070-7565-3320
546,다이소 경동시장점,서울특별시 동대문구,
547,다이소장항점,041-956-0609,
548,다이소 천안병천점,충청남도 천안시,041-622-6016
549,다이소 롯데마트평택점,경기도 평택시,02-405-0800
550,다이소홍성점,충청남도 홍성군,041-631-6543
551,다이소 천안안서점,충청남도 천안시,041-565-7070
552,다이소 당진시곡점,충청남도 당진시,041-355-6016
553,다이소 서천안점,041-572-5453,
554,다이소 공주신관점,충청남도 공주시,
555,다이소,충청남도 태안군,041-675-2006
556,다이소 오창점,충청북도 청주시,043-213-6016
557,다이소 천안두정점,충청남도 천안시,041-551-2539
558,다이소 안성공도점,경기도 안성시,031-652-6017
559,다이소 전주혁신도시점,전라북도 전주시,063-226-7782
560,다이소 전북대점,전라북도 전주시,063-253-6016
561,다이소 에코시티점,전라북도 전주시,063-271-6016
562,다이소 전주하가점,전라북도 전주시,063-254-4545
563,다이소 전주본점,전라북도 전주시,063-287-6016
564,다이소 전주터미널점,전라북도 전주시,063-232-6016
565,다이소 군산중앙로점,전라북도 군산시,063-442-6016
566,다이소 전주동산점,전라북도 전주시,
567,다이소 전주인후2호점,전라북도 전주시,063-247-5005
568,다이소 익산배산점,전라북도 익산시,063-853-6016
569,다이소,063-857-6016,
570,다이소 전주송천1가점,전라북도 전주시,063-255-3778
571,다이소정읍점,전라북도 정읍시,063-533-6016
572,다이소 전주인후점,전라북도 전주시,063-244-6016
573,다이소전주호성점,덕진구 호성동1가 791-1번지 1동 109호 전주시 전라북도 KR,063-244-7575
574,다이소 전주효자점,전라북도 전주시,063-222-6018
575,다이소 전주평화점,전라북도 전주시,063-224-6012
576,다이소 익산영등점,063-831-6016,
577,다이소 전주서신2호점,전라북도 전주시,063-276-6019
578,다이소 모래내점,전라북도 전주시,
579,다이소 순창점,전라북도 순창군,063-653-9933
580,다이소 크리스마트전주점,전라북도 전주시,
581,다이소 원광대점,전라북도 익산시,063-853-6188
582,다이소완주봉동점,전라북도 완주군,063-262-4040
583,다이소전주우아점,전라북도 전주시,063-243-6016
584,다이소 전주평화사거리점,전라북도 전주시,063-225-6016
585,다이소남원광한루점,전라북도 남원시,063-626-8777
586,다이소,창인동1가 108-59번지 익산시 전라북도 KR,063-855-5688
587,다이소장수점,063-351-0888,
588,다이소 군산나운점,전라북도 군산시,063-465-6015
589,다이소,충청남도 논산시,041-742-3336
590,다이소 전주신시가지점,영업 중 ⋅ 오후 10:00에 영업 종료,
591,다이소부안점,063-583-7218,
592,다이소 전주모래내시장점,전라북도 전주시,063-271-4566
593,다이소 군산점,전라북도 군산시,063-463-6016
594,다이소 전주안골점,전라북도 전주시,063-242-4211
595,다이소 롯데슈퍼김제점,전라북도 김제시,
596,다이소장항점,041-956-0609,
597,다이소 남원도통점,063-634-6016,
598,다이소 하나로마트전주점,전라북도 전주시,063-210-4591
599,다이소 롯데마트익산점,전라북도 익산시,063-831-2500
600,다이소,충청남도 서천군,
601,드림디포고창점,전라북도 고창군,063-564-1462
602,다이소 서천점,충청남도 서천군,041-951-5590
603,다이소영광점,061-351-4568,
604,양키캔들전주서신점,063-276-4006,
605,다이소 공주점,충청남도 공주시,041-852-6016
606,다이소 롯데슈퍼정읍점,전라북도 정읍시,063-536-9981
607,다이소담양점,061-381-8999,
608,다이소 광주쌍암점,광주광역시 광산구,
609,다이소 광주호남대점,광주광역시 광산구,062-944-6016
610,다이소진주초전점,경상남도 진주시,055-752-0121
611,다이소삼호점,061-461-1041,
612,다이소,전라남도 무안군,061-453-3994
613,다이소 강진점,061-433-8057,
614,다이소 영암점,전라남도 영암군,061-473-2200
615,다이소진도점,전라남도 진도군,061-543-5533
616,다이소영광점,061-351-4568,
617,다이소 남평점,전라남도 나주시,061-334-2459
618,다이소 여수여서점,061-652-6005,
619,다이소 동광양점,전라남도 광양시,061-794-6016
620,다이소 순천신대점,전라남도 순천시,061-722-2022
621,다이소담양점,061-381-8999,
622,다이소 순천대점,전라남도 순천시,061-753-2255
623,다이소 해남중앙점,전라남도 해남군,061-535-6634
624,다이소 보성점,전라남도 보성군,061-852-4977
625,다이소,선원동 1268-2번지 2층 여수시 전라남도 KR,
626,다이소,061-725-0504,
627,다이소 광주쌍암점,광주광역시 광산구,
628,다이소 여수웅천점,전라남도 여수시,
629,다이소 광주비엔날레점,광주광역시 북구,062-529-6243
630,다이소 장흥점,전라남도 장흥군,061-864-5057
631,다이소 광주봉선2호점,광주광역시 남구,062-651-6016
632,다이소 화순점,전라남도 화순군,061-375-7222
633,다이소 광주호남대점,광주광역시 광산구,062-944-6016
634,다이소광주진월점,062-652-0866,
635,다이소 곡성점,전라남도 곡성군,061-362-9559
636,다이소 광주평동점,광주광역시 광산구,062-946-1212
637,다이소 광주첨단점,광주광역시 광산구,062-972-6016
638,다이소 광주월곡점,광주광역시 광산구,062-961-0091
639,다이소여수신기점,061-682-5005,
640,다이소 여수서시장점,전라남도 여수시,061-642-6016
641,다이소 여수종화점,전라남도 여수시,061-665-1011
642,다이소,전라남도 나주시,
643,다이소 목포하당점,061-282-6018,
644,다이소 순천서면점,전라남도 순천시,061-753-0080
645,다이소 광주말바우시장점,광주광역시 북구,062-261-6019
646,다이소 목포광장점,전라남도 목포시,061-277-6018
647,다이소정읍점,전라북도 정읍시,063-533-6016
648,다이소 전주본점,전라북도 전주시,063-287-6016
649,다이소 광주수완점,광주광역시 광산구,062-953-6017
650,다이소 여수교동점,전라남도 여수시,061-662-6012
651,다이소 광주금호점,광주광역시 서구,062-655-6016
652,다이소 전주평화사거리점,전라북도 전주시,063-225-6016
653,다이소 순천점,전라남도 순천시,061-723-0878
654,다이소 광주매곡점,광주광역시 북구,
655,Daiso,전라남도 여수시,061-686-6016
656,다이소 북항점,전라남도 목포시,061-980-9597
657,다이소 파머스본점,전라남도 순천시,
658,다이소 여수미평점,전라남도 여수시,061-654-6067
659,다이소 상무점,광주광역시 서구,
660,다이소 함평점,전라남도 함평군,061-324-4141
661,다이소,전라남도 완도군,
662,다이소 순창점,전라북도 순창군,063-653-9933
663,다이소 홈플러스광양점,전라남도 광양시,061-791-6016
664,다이소 광주운남삼거리점,광주광역시 광산구,062-956-6017
665,다이소 롯데슈퍼풍암점,광주광역시 서구,062-652-5601
666,다이소,영업 중 ⋅ 오후 10:00에 영업 종료,
667,다이소목포용해점,061-278-0003,
668,Daiso,전라남도 나주시,061-333-5222
669,다이소 고흥점,전라남도 고흥군,061-835-0588
670,다이소 광주일곡점,광주광역시 북구,062-576-6015
671,다이소,전라남도 해남군,061-537-3378
672,다이소 크리스마트전주점,전라북도 전주시,
673,Daiso,영업 중 ⋅ 오후 10:00에 영업 종료,
674,다이소 전주효자점,전라북도 전주시,063-222-6018
675,ダイソー,영업 중 ⋅ 오후 10:00에 영업 종료,
676,다이소 목포2호점,전라남도 목포시,061-242-6011
677,다이소 전주신시가지점,영업 중 ⋅ 오후 10:00에 영업 종료,
678,다이소 롯데슈퍼김제점,전라북도 김제시,
679,다이소,055-864-4396,
680,Daiso,광주광역시 동구,062-222-6016
681,Daiso,061-763-6789,
682,LG유플러스 학동_다이소점,전라남도 여수시,070-4045-9019
683,롯데슈퍼 무안점,전라남도 무안군,061-454-9400
684,다이소 경북도청신도시,경상북도 예천군,054-652-6016
685,다이소 경북고령점,경상북도 고령군,054-954-8837
686,다이소 경북청도점,경상북도 청도군,054-371-6018
687,다이소경북울진점,울진읍 읍내리 515-2번지 울진군 경상북도 KR,054-781-6016
688,다이소 김천혁신도시점,경상북도 김천시,054-430-6709
689,다이소,매장 내 쇼핑,
690,다이소 구미오태북삼점,경상북도 구미시,054-461-6016
691,다이소 구미봉곡본점,경상북도 구미시,054-456-6016
692,다이소 예천점,경상북도 예천군,054-653-8989
693,다이소 김천시청점,경상북도 김천시,054-435-6016
694,다이소 경산사동점,경상북도 경산시,053-818-6016
695,다이소 문경모전점,경상북도 문경시,054-554-6016
696,다이소 영주본점,영업 중 ⋅ 오후 9:30에 영업 종료,
697,다이소 칠곡왜관점,경상북도 칠곡군,054-972-6016
698,다이소 상주서문사거리,경상북도 상주시,054-534-6016
699,다이소 구미형곡네거리점,경상북도 구미시,054-441-6016
700,다이소 구미중앙시장점,경상북도 구미시,054-442-6016
701,다이소 구미비산점,경상북도 구미시,054-464-9988
702,다이소 경산영남대점,경상북도 경산시,053-813-6015
703,다이소 영천시청점,경상북도 영천시,
704,다이소 구미확장지구점,경상북도 구미시,054-471-6018
705,다이소 옥산점,경상북도 경산시,053-812-6017
706,다이소 대구세천지구점,대구광역시 달성군,053-585-1581
707,다이소 대구죽곡점,대구광역시 달성군,053-587-6016
708,다이소 구미옥계점,경상북도 구미시,054-474-6016
709,다이소 안동용상점,경상북도 안동시,054-822-6019
710,다이소 영덕강구점,경상북도 영덕군,054-732-6003
711,다이소봉곡점,경상북도 구미시,054-455-0425
712,다이소 대구칠곡네거리점,대구광역시 북구,053-314-6010
713,다이소 경산시장점,경상북도 경산시,053-815-6016
714,다이소 구미원호점,고아읍 원호리 445-3번지 1층 1호 필지 구미시 경상북도 KR,054-452-1909
715,다이소포항오천점,경상북도 포항시,054-292-1559
716,다이소영덕점,경상북도 영덕군,054-733-2600
717,다이소 의성점,경상북도 의성군,054-833-1156
718,다이소 구미인동점,경상북도 구미시,054-472-4973
719,다이소 구미인의점,경상북도 구미시,054-473-6016
720,다이소 대구논공점,대구광역시 달성군,053-615-0177
721,다이소 칠곡중리2호점,경상북도 칠곡군,054-977-6016
722,다이소 구미상모사곡점,경상북도 구미시,054-461-9929
723,다이소 포항두호점,경상북도 포항시,
724,다이소 대구대곡지구점,대구광역시 달서구,053-641-6016
725,다이소청송진보점,경상북도 청송군,054-872-6016
726,다이소 구미신평점,경상북도 구미시,054-461-6016
727,다이소 대구칠곡2지구점,대구광역시 북구,053-312-0102
728,다이소 대구진천점,영업 중 ⋅ 오후 10:00에 영업 종료,
729,다이소대구태전역점,대구광역시 북구,053-313-6016
730,다이소신대부적점,053-816-6016,
731,다이소 구미구평점,경상북도 구미시,054-471-6016
732,다이소 안동신시장점,경상북도 안동시,054-854-0029
733,Daiso,경상북도 성주군,054-933-7957
734,다이소 대구테크노폴리스점,대구광역시 달성군,053-611-6016
735,다이소 대구율하점,053-965-6016,
736,다이소 대구유가점,대구광역시 달성군,053-614-6017
737,다이소 안동 옥동점,영업 중 ⋅ 오후 10:00에 영업 종료,
738,다이소 영주가흥점,경상북도 영주시,054-635-5885
739,다이소 경산하양점,경상북도 경산시,053-851-6016
740,다이소 영주남부육거리점,경상북도 영주시,054-632-6017
741,다이소 대구신월성점,대구광역시 달서구,053-638-6016
742,다이소 충효점,경상북도 경주시,
743,다이소 영주점,054-633-7772,
744,다이소 경남 고성점,경상남도 고성군,055-674-7880
745,다이소 창원상남2호점,경상남도,055-267-6016
746,다이소 경남의령점,경상남도 의령군,055-574-7474
747,다이소 창원봉곡점,경상남도,055-276-6016
748,다이소 양산서창점,경남 양산시 삼호동(블) 10-6,055-362-6016
749,다이소 통영죽림점,경상남도 통영시,055-641-1412
750,다이소 - 마산어시장점,경상남도 창원시,055-244-6016
751,다이소 - 창원해운점,경상남도,055-245-7776
752,다이소 창원양덕점,영업 중 ⋅ 오후 10:00에 영업 종료,
753,다이소양산평산점,경상남도 양산시,055-384-8688
754,다이소사천평화점,055-853-9931,
755,다이소 창원상남본점,055-266-6016,
756,다이소 밀양점,영업 중 ⋅ 오후 10:00에 영업 종료,
757,다이소,055-864-4396,
758,다이소 - 창원용원점,경상남도 창원시,055-551-8089
759,다이소 마산내서점,경상남도,055-232-6014
760,다이소 - 김해진영2호점,영업 중 ⋅ 오후 10:00에 영업 종료,
761,다이소 - 창원동읍점,경상남도,
762,다이소 창원무동점,경상남도,055-252-9700
763,다이소 진주혁신도시점,진주시,055-761-6016
764,다이소 창원합성점,경상남도,
765,다이소 합천점,합천군,
766,다이소 - 창원장천점,경상남도,
767,다이소함양용평점,055-964-8776,
768,다이소 - 창원남문점,경상남도,055-551-0014
769,다이소창원감계2호점,경상남도,055-296-1956
770,다이소 함안칠원점,경상남도 함안군,
771,다이소 진주도동점,경상남도 진주시,070-8199-6995
772,다이소,경상남도 고성군,
773,다이소,경상남도 진주시,055-746-6016
774,다이소 GS마트삼계점,055-719-5200,
775,다이소경남산청점,경상남도 산청군,055-974-0254
776,다이소진주초전점,경상남도 진주시,055-752-0121
777,다이소 진주대안점,경상남도 진주시,
778,다이소 탑마트뉴창원점,경상남도,
779,다이소 고성성내점,경상남도 고성군,
780,다이소 김해삼계2호점,경상남도 김해시,055-311-6018
781,다이소 롯데마트통영점,경상남도 통영시,055-644-6050
782,다이소 김해율하2호점,경상남도 김해시,
783,다이소 창원석전점,경상남도,
784,다이소 양산증산점,경상남도 양산시,055-364-6016
785,다이소 경북고령점,경상북도 고령군,054-954-8837
786,다이소 GS슈퍼평거점,경상남도 진주시,
787,다이소 삼천포점,경상남도 사천시,055-833-9696
788,다이소 김해삼문점,경상남도 김해시,02-5338-2288
789,다이소 양산남부시장점,경상남도 양산시,055-381-6016
790,다이소 김해본점,경상남도 김해시,055-332-6016
791,다이소 김해대청점,경상남도 김해시,050-71425-6017
792,다이소,영업 중 ⋅ 오후 10:00에 영업 종료,
793,다이소 GS슈퍼마산점,경상남도,
794,다이소 대구테크노폴리스점,대구광역시 달성군,053-611-6016
795,다이소 진주가좌점,경상남도 진주시,055-762-2535
796,다이소 김해인제대점,경상남도 김해시,055-323-3136
797,(주)아성다이소_거제장평점,경상남도 거제시,055-632-8338
798,다이소 부산명지오션시티점,부산광역시 강서구,
799,아성다이소 거제중곡점,경상남도 거제시,055-637-2007
800,다이소 창원반송시장점,경상남도,055-261-6016
801,다이소 진주평거점,경상남도 진주시,055-744-6017
802,다이소 탑마트밀양삼문점,경상남도 밀양시,055-3535-2220
803,다이소 양산터미널점,영업 중 ⋅ 오후 10:00에 영업 종료,
804,다이소 대구유가점,대구광역시 달성군,053-614-6017
805,다이소 롯데마트진해점,경상남도,055-1522-4400
806,다이소 거창대동점,경상남도 거창군,055-943-6016
807,다이소 명지국제신도시점,부산광역시 강서구,051-207-6016
808,다이소 거제옥포2호점,경상남도 거제시,
809,다이소 탑마트진주점,경상남도 진주시,1522-4400
810,다이소 양산석산점,경상남도 양산시,055-383-3399
811,다이소 부산모라점,부산광역시 사상구,
812,Daiso,경상남도 거제시,
813,다이소 진주주약점,경상남도 진주시,055-753-1535
814,다이소 대구논공점,대구광역시 달성군,053-615-0177
815,다이소 구포구남점,부산광역시 북구,051-333-6016
816,다이소진주초장점,초전동 925-1번지 101호 진주시 경상남도 KR,055-758-0056
817,다이소 대구죽곡점,대구광역시 달성군,053-587-6016
818,다이소 대구세천지구점,대구광역시 달성군,053-585-1581
819,미샤 경남창녕점,경상남도 창녕군,055-533-7573
820,다이소 경산사동점,경상북도 경산시,053-818-6016
821,다이소 경산시장점,경상북도 경산시,053-815-6016
822,다이소 대구서재점,대구광역시 달성군,
823,다이소 대구신당점,대구광역시 달서구,053-583-6015
824,다이소 대구동성로본점,동성로 48-1,053-422-6016
825,다이소 대구서부점,성당동 216 1번지,053-621-6016
826,다이소 대구신당점,계대동문로 23-1,053-583-6015
827,다이소 대구내당중앙점,대구광역시 서구,053-563-8232
828,다이소 대구대현점,신암동 1181-5,053-944-6016
829,다이소 대구방촌시장점,방촌동 907-9번지,053-984-6016
830,다이소 대구내당점,평리로 250,053-566-6016
831,다이소 대구칠곡네거리점,태전동 940-6,053-314-6010
832,다이소 대구명덕네거리점,대명동 1791-1,053-625-6016
833,다이소 대구이시아폴리스점,팔공로 51 길 21-1,053-985-1127
834,다이소 대구신월성점,월성동 598-10,053-638-6016
835,다이소 대구수성구청역점,범어동 221-4,053-751-6016
836,다이소 대구중앙로점,남일동 135-1,053-252-6016
837,다이소 대구반야월점,안심3.4동 351-1,053-965-6015
838,다이소 대구죽전네거리점,죽전동 273-24,053-571-6016
839,다이소 대구신남역점,남산2동 100-1,053-256-6016
840,다이소 대구대곡지구점,도원동 1433-4,053-641-6016
841,다이소 대구수성시장네거리점,수성동3가 336-5,053-767-6105
842,다이소 대구복현점,053-939-6017,
843,다이소대구태전역점,태전동 532-6,053-313-6016
844,다이소 대구월촌점,송현동 1951-4,053-657-6050
845,다이소 대구논공점,논공읍 북리 824-3,053-615-0177
846,다이소 성서이곡점,이곡공원로,
847,다이소 대구효신네거리점,만촌1동 1326-34,053-742-6066
848,다이소 대구율하점,053-965-6016,
849,다이소 대구테크노폴리스점,유가면 상리,053-611-6016
850,다이소 대구칠성점,칠성동2가 중앙대로 528,
851,다이소 대구세천지구점,대구광역시 달성군,053-585-1581
852,다이소 대구상인네거리점,상인동 월배로 219,053-639-6016
853,다이소 대구들안길네거리점,청수로 81,053-763-6016
854,다이소 대구앞산순환로점,대명9동 474-63,
855,다이소 대구본리점,감삼동 343,053-522-6016
856,다이소 대구동서변점,서변동 1783-6,053-939-2389
857,다이소 대구팔달시장역점,비산5동,053-352-6016
858,다이소 대구진천점,영업 중 ⋅ 오후 10:00에 영업 종료,
859,다이소 대구칠곡2지구점,구암로 138,053-312-0102
860,다이소,구암동 769-1번지 1층,
861,다이소 대구서재점,다사읍 서재로 110,
862,다이소 대구시지2호점,고산2동 314-3,
863,다이소대구안지랑점,053-657-6502,
864,다이소 부산연산본점,과정로 356,
865,다이소 부산연제점,연수로 110,051-866-6016
866,다이소 부산서면1호점,중앙대로702번길 43 b1f,051-817-6016
867,다이소 부산서면2호점,중앙대로 693,051-802-6016
868,다이소 부산종합운동장점,아시아드대로 81,051-503-6016
869,다이소 부산양정점,중앙대로 904,051-864-6016
870,다이소 부산연산교차로점,중앙대로 1119,
871,다이소 부산용호점,용호동 용호로 133,051-612-6016
872,다이소 부산서대신점,서대신제1동 구덕로321번길 15,
873,다이소 남포점,구덕로 46,051-231-6016
874,다이소 부산개금점,가야대로 477,
875,다이소 부산수정점,수정동 231-12,051-462-3330
876,다이소 부산덕천점,백양대로 1200,051-332-6016
877,다이소 부산수영점,연수로 411,051-759-6016
878,다이소 부산재송점,재반로 176,051-784-2270
879,다이소 부산해운대점,구남로 11,051-747-6037
880,다이소 부산해운대장산본점,해운대로 785,051-703-6015
881,다이소 서면지하상가중앙몰점,부전제2동 가야대로 772 서면지하상가중앙몰 B1F,051-816-6016
882,다이소 부산동래역점,온천동 중앙대로 1295,051-507-6016
883,다이소 부산반여본점,선수촌로 136,051-525-6016
884,다이소 부산센텀시티점,센텀5로 55 센텀큐빌딩 2F,
885,다이소 부산구서점,구서로 8,051-513-6016
886,다이소 부산남산외대점,중앙대로 2021-5,051-516-5511
887,다이소 부산서부터미널점,사상로 201,051-315-0616
888,다이소 부산온천시장점,금강공원로20번길 93,
889,다이소 부산당감점,동평로116번길 6,
890,다이소 초량점,초량상로 91 삼보빌딩,
891,다이소 부산다대포점,부산광역시 사하구,051-265-6016
892,다이소 부산명지오션시티점,명지동 3240-2,
893,다이소 부산대점,장전온천천로 55,051-582-6016
894,다이소 부산정관점,부산광역시 기장군,051-727-6018
895,다이소 용호1호점,용호동 395-2,051-611-8613
896,다이소 부산학장점,학감대로 111,051-328-1088
897,다이소 부산안락교차로점,충렬대로 355,051-526-6016
898,다이소 부산문현점,수영로 45,
899,다이소 부산하단2호점,낙동남로1389번길 1,051-203-6018
900,다이소 부산학장동점,051-312-1500,
901,다이소 부산모라점,모라동 424-3,
902,다이소 국제시장점,부평동1가 45-9,051-241-6016
903,다이소 영도대교점,부산광역시 영도구,051-413-6016
904,다이소 부산구포점,구포동 1226-2,
905,다이소 부산화명점,051-362-6017,
906,다이소 부산지사동점,과학산단2로20번길 2,050-71480-0333
907,다이소 부산괴정점,낙동대로 229,051-206-6016
908,다이소 부산화명2호점,영업 중 ⋅ 오후 10:00에 영업 종료,
909,다이소 기장본점,기장읍 차성동로 63,051-724-6016
910,다이소 부산반여점,반여동 1291-667,
911,다이소 부산감천점,오작로8번길 78,
912,다이소장림점,장림동 316-20,051-265-3456
913,다이소 구포구남점,구포제2동 백양대로 1041,051-333-6016
914,다이소 부산만덕점,만덕동 덕천로 275,051-337-6016
915,다이소 롯데슈퍼부산용호점,분포로 145 b1,051-624-6016
916,다이소부산백양점,백양관문로 20,051-897-7678
917,다이소 메가마트동래점,명륜동,
918,다이소,동삼동 361-1,
919,다이소,다대동 649,
920,다이소 부산녹산공단점,송정동 1631-7,051-256-8888
921,다이소 부산대연점,수영로 184,051-631-6016
922,다이소 명지국제신도시점,명지동 1676,051-207-6016
923,다이소,만덕제2동 799,
924,다이소 제주삼화점,화북이동 168-1,064-721-6016
925,다이소 제주본점,건입동 46-1,064-723-6016
926,다이소 제주시청점,이도이동 1176-84,064-724-6016
927,다이소 제주일도점,일도이동 고마로 115,064-722-6016
928,다이소 제주노형점,노형동 1100로 3325,064-742-6016
929,다이소 제주연동점,064-712-6016,
930,다이소 제주도남점,도남동 411-6,064-756-6016
931,Daiso,관덕로 68,
932,Daiso,영업 중 ⋅ 오후 10:00에 영업 종료,
933,다이소제주외도점,영업 중 ⋅ 오후 10:00에 영업 종료,
934,다이소 제주하귀점,애월읍 하귀1리 1552-6,
935,다이소 용담해안도로점,용담삼동 서해안로 510,
936,다이소 제주애월점,애월읍 애월리 1377-2,064-799-6016
937,다이소 제주세화점,구좌읍 일주동로 3126,064-751-0007
938,다이소제주한림점,한림읍 한림리 936-3,064-796-7889
939,다이소 제주성산점,제주특별자치도 서귀포시,
940,다이소 제주모슬포점,제주특별자치도 서귀포시,064-794-2275
941,다이소 서귀포점,제주특별자치도 서귀포시,064-763-1331
942,다이소 서귀포동광점,제주특별자치도 서귀포시,064-792-7748
943,다이소 중문점,제주특별자치도 서귀포시,064-739-6016
