,0
0,
1,
2,
3,"급히 만든 티가나는 앱. 적어도 홈플러스 앱정도의 수준은 되었으면 하는 바람으로 적어보는 몇가지 불만사항 및 요청사항. 1. 스크롤 후 물건 클릭 한 다음 뒤로가면 목록 제일 위로 올라감. 실컷 내렸는데 다시 처음부터 봐야하는 앱을 내놓다니... 이건 진짜 쇼핑몰 기본이 안됨. 2. 각 매장별 재고상황 확인 불가: 매장설정후 원하는 물건이 품절인 경우 아예 리스트에도 없고 검색조차 안됨. 1)재고가 몇개 남았는지 2)품절상태인지 3)해당매장 입고예정 없는지 이 3가지 상황을 확인가능하였으면 함. 즉 모든 다이소의 물건은 리스트에서 보여지되 품절이면 회색블러처리, 입고예정없으면 사진 위에 X표시등이 되었으면 함. 3. 품절 물건에 대해 입고 주문 예약을 넣는 기능이 있으면 좋겠음. 4. 3번이 어려우면 적어도 입고 예정 날짜를 상세 설명에서 확인할수 있거나 입고 시 알람 기능 추가."
4,구매가능매장찾기 기능 정확도가 너무 떨어져요;앱에 재고 없다고 뜨는데 막상 가게 가면 재고 수두룩 빽빽하고 그런 상품이 한 두개가 아니고 대부분이 그렇다는게;; 상품명이 강아지 커터칼이라고 적혀 있어서 그대로 검색해도 안 뜨길래 커터칼로 검색했더니 애니멀 커터칼로 등록되어있고 파우치를 검색해도 짱구 파우치는 안 뜨고 검색 정확도도 많이 떨어져요 앞으로 앱은 이용하지 않을 것 같네요.
5,앱이 들어가면 바로뜨는게 아니라 진짜 계속 나갔다 들어와도 실행이 안됨.. 그리고 들어가져도 창 넘어가는게 너무 느리고 한번 나갔다 들어와도 계속 로그인하라고만 뜹니다.. 좀 개선좀 해줬으면 좋겠네요 아무리 사용자여도 사용자한테 편리한 사용을 제공해주면 좋겠어요😡
6,"다이소 물품이 배송된다는 것이 참 좋고 편리합니다! 하지만 앱 자체의 오류가 너무 많습니다.. 항상 네이트워크가 불안정하다고 뜨면서 접속이 안돼 어플을 지웠다가 깔아야 접속이 가능합니다ㅠ (매번) 앱 실행 속도도 느리며, 상품 배송 중 망가지거나 액체가 세서 오는 곳도 많은데.. 환불이나 반품처리도 어렵네요."
7,"우선 배송서비스를 하는 매장 자체가 적음. 택배사를 통해 배송이 아니라 인근 매장에서 직원을 통한 직접 배송만 고집함. 그래서 온라인 주문 자체가 불가능하기에 이 앱의 의미가 없음. 픽업 주문 자체도 내가 사겠으니 해당 제품을 지점에 보내달라는 주문 자체가 불가능함. 매장에 있는 물건 찜 수준이고, 그마저도 방문하면 선방문 고객에게 팔려있음. 이 앱 왜 만든거임?"
8,샵다이소 장점 품절 아닌 제품 구입할때는 편리함 단점 판매중인 매장임에도 불구하고 일부매장만 재고있다고 떠서 불편 큰 수납박스는 배송 안됨 픽업만 가능 ㅠ 개선되면 좋을점 판매중인 매장의 정확성 예를들어 가까운 인근 매장이 판매하고 있는데 멀리 떨어져있는 매장까지 가야한다는게 불편했어요.그리고 매장 편차가 커서 무조건 큰 매장 가세요. 그나마 물건 종류가 다양해요. 또한 종이봉투 무조건 부과하시는데 장바구니 이용 혹은 그냥 들고갈게요. 표시도 생겼으면 좋겠어요.
9,"매장 배송만 가능한 시스템인데, 샵 다이소에서 지정되어있는 매장만 선택 가능하다. 따라서 아무리 근처에 다이소 매장이 있다고 하더라도 실제 지정된 매장은 멀리 떨어져있는 경우가 많아 픽업이 불가능하다.(=구매불가) 이런 앱인줄 알았더라면 가입하지 않았을텐데.. 매장별 재고 검색도 지정된 다이소 매장만 검색이 가능하고 그 이외엔 자꾸 정확한 상품명, 품번을 기입해달라고 에러가 난다. 이벤트를 통해 가입했는데, 사용할 수 없는 앱이다."
10,"다이소 매장 중에서도 배송이 되는 일부 지점에서 배송 또는 픽업할 수 있는 앱입니다. 재고가 있는 매장 역시 해당되는 매장에 있는지만 확인할 수 있는 것 같습니다. 또한 오프라인 손님이 중간에 사갈 수 있어서인지 일정 개수 이하가 되면 매장에 재고가 있어도 샵에서는 품절처리 한다는 듯 합니다. 대상 매장 기준이 직영점/가맹점 차이인지, 그 중에서도 배송이 가능할 만한 규모의 매장인지는 잘 모르겠습니다. 저는 근처 매장에 없는 물건을 살 수도 있고 다이소도 가기 귀찮을 땐 배송비 내고 살 수 있어서 대체로 만족스럽지만 건의사항이 있습니다. 1. 장바구니가 너무 작습니다. 30개가 최대입니다. 2. 옵션을 선택할 수 있으면 좋겠습니다. 현재는 배송메시지에 따로 적지 않으면 랜덤배송되는 방식인데 불편합니다. 3. 픽업이라도 근처 매장에서 할 수 있으면 좋겠습니다. 그리고 배송비 인상 예정인데 리뷰쓰는 와중에 예정금액 100원이 더 올랐네요. 고치는 김에 어플도 좀 고쳐주세요.."
11,"어플 설치 후 계속 인터넷 연결이 불안정합니다. 네트워크 상태를 확인해주세요. 메시지 뜨면서 어플 이용이 불가능해요. 인터넷 연결이 불가능하면 다른 어플 서비스나 웹연결자체가 안되어야할텐데 그런것도 아니고, 인터넷 연결은 아주 잘되는상태였습니다. 어플 평점 낮은 이유를 알겠네요."
12,정말 너무너무 느려요..... 뭐 하나 누르면 항상 단 한번도 빠짐없이 딜레이 또는 중지돼서 앱이 움직이지 않아요.... 그리고 구매가능 매장은 없는 기능으로 봐도 될 정도로 정확도가 0이에요 그래도 상품 구경용으로 사용하려는데 너무너무너무너무너무 느려서 답답해서 못쓰겠어요 제발 리뷰 좀 살피면서 앱 개선해주세요 제발 !!
13,"1.5km이내 다이소가 5개나 있지만 판매 매장 검색에 안뜸! 배송지 입력시에 주변 다이소는 검색해도 안나옴 픽업, 배송지 입력하면 그 매장의 재고 상황만 나오는것 같음. 그냥 가까운 주변 매장 한 두곳 돌아보면 판매중! 고객센타 문의결과 배송지는 주소 기준이라고 함. 주소 기준이면 1.5km이내 다이소가 5개인데 4.5km떨어진 다이소만 나옴! 배송지(픽업)는(은) 한번 입력하면 지울 수 없음!"
14,1점도 아까움.. 로그인안됨 연동 못함 초기화해도 못함 고객센터에 전화해서 이거 오류있다고해도 해결못한다고 함.. 처음엔 와이파이로 해야한다길래 와이파이로했다니깐 데이터 끌어다 써야 오류 안난다고함 이미 다해도 안되니깐 어플자체에 오류가 너무 많다고 말했는데 단순 컴플레인 취급하고 전화 안받음 동네 작은 슈퍼 어플도 이것보단 잘만들었겠다
15,"다이소 매장 재고 고객센터를 통해 확인하는 방법 말고 이 앱으로 편하게 확인할 수 있다고 하길래 설치했습니다. 매장 재고를 확인하려면 배송지 입력이 필수라고 해두었더라구요. 그런데 배송지 주소찾기 입력이 안됩니다!! 주소 검색까지는 되는데 선택이 안되서 넘어가질 못하고 있습니다. 작은거 하나 사는데 배송하긴 부담되서 매장 지나갈 때 재고 있는지 검색하고 싶은데, 이렇게 기본적인 주소 입력도 안되면 어쩌라는건지 모르겠네요. 왜 별점이 이렇게 낮은지 이해가 됩니다.."
16,"배송서비스는 매우 좋습니다만 매장에는 있는데 앱에서는 안보이는 품목도 있고, 품명을 매우 정확하게 작성해야 하는 등의 사항이 아쉽습니다. 배송이 어렵다면 보유매장과 수량을 보여주는 방법도 있고, 검색은 해당 글자가 포함된 물품이 모두 보이게 했으면 좋겠습니다. 소비자가 해당 품목 이름을 정확하게 기억할 수도 없고 인근 매장에 존재하는지 찾아갔다가 헛걸음하는 수고가 줄어들거라 생각합니다. 저도 지금 매장에 있는 물건을 사오기에는 애매해서 배송주문 하려 했는데 아예 없어서 당황스럽습니다. 어느 매장이었는지 기억도 가물가물하구요. 다이소몰에는 오히려 다이소 품목이 잘 안나오던데 둘이 합치거나 효율적인 방법이 생겼으면 좋겠습니다."
17,제가 사용한 앱중 최악의 최적화 앱입니다. 그냥 뭐하나 눌러도 기본 3초이상의 딜레이는 물론이고 틈만나면 로그아웃되는 통에 자동로그인과 로그인유지 옵션이 왜 있는지도 모를정도 입니다. 좀 더 앱을 다듬고 나왔어야 하지 않나 싶습니다.
18,와우! 이런 앱은 처음 봅니다. 배송지 입력하는 순간 무용지물되는 앱입니다. 도대체 왜 배송지(상품검색 가능한 매장)는 강제로 하나만 임의 지정되는지 모르겠네요. 절대 다른매장은 검색못하게 해놨네요. 생각이 너무 없이 만들었군요. 개발자가 한번이라도 써보긴 했을까요? 설마 앱개발 업체에 돈주고 맡겨서 만든건 아니겠죠? 그랬다간 담당자는....에구...
19,"가까운 매장에 구매하려는 상품이 없어서 샵다이소를 이용했습니다 그 상품만 구매하기 미안한 마음에 딱히 필요하지 않지만 물건 몇가지 더 구매했는데 필요했던 상품만 미배송되어 고객센터에 확인해보니 (재고는 소량으로 입고되어 상품준비중 결품이 발생되면 결품 환불처리 해주신다고 하시네요 결제전에 자동취소 필수이용 약관에 동의해준 고객에게만 배달 해준다)는 답을 받았습니다 약관에 동의를 하지않으면 넘어가지 않으니 고객에게도 다른 선택지를 주셨으면 좋겠어요 필요한 상품의 재고가 없는경우(근데 재고관리는 최우선 되어야 하는게 아닌가요?) 주문을 전체 취소 가능하게할수 있게 한다든지, 문자 한 통으로 고객이 이 배송건에 대처할수 있게 해주시는 성의를 보여주는게 아주 힘든 일인가요? 앱 사용이 편하지 않아 잘 사용하지 않는데 이번에 배송까지해보고 다시는 이 앱 사용은 하고 싶지 않아 앱 삭제 하렵니다"
20,흑 드디어 저희 지역에서도 배송을 시작했어요~~!! 일단 좋은 점 먼저 말하자면 다이소 가격 그대로에 배송비는 1000원밖에 안한단거예요!! 저희집이랑 다이소랑 거리가 좀 있어서 뭐 하나 살려고 갈때마다 힘들고 찾는 물건이 없을때도 있어서 낭패볼때도 있었는데 이젠 그냥 원하는 물건 주문하면 바로 오니까 너무 편리한 것 같습니다. 배송도 엄청 빨리와요 오후3시에 주문하면 5시 이전에 오는 정도. 근데 아직은~~ 좀 고쳐야 할 부분이 보이네요. 먼저 리뷰쓸 때 너무 불편합니다. 사진 추가하는 것도 안되고 뭐 카톡으로 리뷰이벤트에 당첨되셨습니다? 이런 문자가 와서야 쓸 수 있어요. 그리고 원하는 색상 메모지에 적었는데 무시하고 그냥 온 적도 있었구요. 가끔 앱에서 오류일어나서 계속 로그아웃되네요.. 뭐 아직은 고쳐야할 부분이 많은 것 같지만 점점 나아지겠죠! 다이소 응원합니다~~^-^
21,"1.앱 자체 반응 속도가 느립니다. 상품 하나 클릭하면 좀 기다려야 상세페이지로 넘어가고 뒤로 가기를 눌러도 한참 걸림 2.품절 상품은 메인에 따로 표시도 없어서 장바구니에 담기를 눌러 봐야 품절 인지 알 수 있음 3.다른 앱, 네이버 등 잘 쓰고 있는데 이 앱만 자꾸 인터넷 연결 불안정이라고 뜨면서 지금 접속 자체가 안됨 4.제품을 담고 픽업 매장, 배송 매장을 선정 하는 게 아니라 우선 내 근처 매장을 설정 후 그 매장에 있는 상품만 보여주는 게 맞다고 봄. 시간써서 상품 고르고 장바구니에 담았는데 막상 픽업하려니 멀리 있는 곳이면 무슨 소용?? 어쩐지 집 근처 다이소에는 진열 되지 않은 제품들이 주문 가능하길래 기대했는데 다른 매장으로 가야하는 거였죠?? 5.다이소는 저렴한 가격, 좋은 품질 제품을 고객에게 제공해주고 있는 건 맞음. 앱 개발과 배송 서비스 등 새로운 시도를 계속하고 성장하는 모습 보기 좋다. 하지만 완벽한 앱 개발 후 출시 하시기를, 고객은 테스트용이 아님."
22,왠만해서 리플안다는데 짜증나서 단다 이어플은 검색기능이 이상한게 방금전에 봤던 물건도 같은이름으로 검색하면 안나오는 신기한 기능을가지고 있다 개선해야됨 상품준비 매장을 알려주는 기능은 좋으나 신뢰도는 글쎄다... 매장직원들도 제품 매장에 있는지 모르는게 다이소인데.. 암튼 검색좀 잘나오게 만들어주세요
23,"남들처럼 사용이라도 하면서 불편한점을 얘기라도 하지.. 가입단계에서 아이디 입력부터 계속 무한반복으로 오류가 나는 데... 그리고 저 밑에 찬란한 사용자들의 처절한(?) 울림이 개발자나 관리자에게는 전달이 안되나..? 점포에서 계속 ""샾다이소"" 사용하라고 광고하기전에 제대로 구동이 되는 지, 사용상의 문제가 없는 지 확인부터 하세요."
24,지방 편의점도 당일 배송되는데 배송가능매장이 너무 적음.아무리 늘리고 있다지만 이건.. 당장 필요하면 들려서 싼 가격에 살 수 있다는 장점땜에 오프라인 매장 이용도가 높음.하지만 예전과 다르게 인기제품들은 재고가 잘 안 들어오는 매장도 허다하고 심지어 없는 매장도 많으며 있는 매장은 또 넘쳐날 정도로 많고 편차가 넘 심함.매장에서 배송해주는걸 받는다해도 인기제품은 매장재고가 있질 않는 경우가 허다해 주문이 불가한데 무슨 이용을 할 수 있나 싶음.다이소제품은 싸기 때문에 종류는 다양하고 제품은 몇개 사지도 않는데 자꾸 온라인 주문하면 손해인건 이해함.포인트로 vip같은 등급을 나눠 한달 배송가능횟수를 제한하고 원하는 상품을 직접 주문해 집으로 받아볼 수 있으면 좋을 것 같음.온라인서비스 할 수 있다 맨날 광고하면서 서비스를 늘려가는 중이라고만 하고 실질적으로 온라인 쇼핑처럼 제대로 이용한 사람 보지도 못함.자체 배달업첼 늘리든 택배회사와 손을 잡든 해서라도 개선해야 한다고 봄.
25,"어플 존재 의의가 없는 수준입니다. 가보면 버젓이 있는 제품 검색이 안됩니다. 집 주소를 등록해도 근처 매장이 서치되지 않고, 집에서 백미터도 안되는 거리에 있는 매장이 구, 동, 구분에 따라 표시가 안됩니다. 매장명을 정확히 입력해도 없는 매장이라 뜨는 경우도 부지기수입니다. 물건 판매점 찾기로 검색해도 해당 물건이 안뜨거나 물건이 뜨더라도 구매 페이지로 이동이 안됩니다. 상품에 적힌 실제 이름과 어플에 검색해야 하는 상품 이름이 달라서 검색이 안됩니다. 해당 매장을 찾아도 똑같이 매장명을 검색하면 앱 내의 매장명이 멋대로 띄어쓰기가 되어있다가 안되어있다가 하는 식의 중구난방 이어서 공식 표기대로 검색해도 검색이 안됩니다. 배달 위치로 집주소를 입력하면 집 거리와 전혀 상관없는 동떨어진 매장이 픽업 장소로 강제 고정됩니다. 앱의 존재 의미가 없는 수준이라는 생각이 드네요. 기본적인 검색 기능도 정상 작동을 안하는데 물건을 어떻게 찾고 어떻게 구매할 수 있을까요."
26,"로그인을 하면 목록이 모두 사라져있고, 로그아웃하면 다시 물건들이 검색하거나 카테고리 들어가도 다 나옵니다... 그래서 로그아웃한다음에 구매할 물건 보고난후 로그인해서 근 본 상품으로 들어가서 장바구니 담으면 어떤건 되고 어떤건 품절이라고 구매시도도 안되네요.. 앱도 보완하면 좋을거 같은데 너무 성급하게 만드신건 아닌가 하네요.. 보완만 잘해도 쿠X 처럼 잘 될거 같은데..."
27,품명을 자세히 딱맞게적어야만 나오네요. 몇글자만 적어도 검색이 되게끔 해주시면 편리할텐데. 스크롤내리다가 클릭해서보고난후 다시나오면 첨부터 다시내려야하고요. 지역별검색도 서치가 잘 안됩니다. 이것저것 뭔가 턱턱막히니까 잘 안들어오게될듯요
28,1) 주문취소 앱 내에서 안됨 주문매장에 전화하거나 콜센터에 전화 주말에는 주문매장에 전화해서 취소해야되는데 정말 불편함. 소통이 원활하지 않아서 10번 넘게 통화함. 직원분도 나도 둘다 힘듦. 그런 사소한것도 전화로하면 인력낭비임. 결제 이후 몇분 내에는 취소버튼 있지만 정말 잠깐임. 앱 내에서 주문취소 할 수 있게 해주세요. 2) 색상 선택 불가 대부분 색상 랜덤으로 배송되지만 일부는 선택가능. 그러나 요청사항에 하나씩 입력해야됨. 3) 주문 후 상품 추가 불가 주문완료 후 상품 포장에 들어가기 전까지는 상품을 추가할 수 있음 좋겠음. 하나 까먹어서 재주문하려면 전화해서 취소하고 다시 주문해야됨. 4) 앱 너무 느림.그래도 초반보다 괜찮음 5) 영수증이 비닐 포장 밖에 붙어서옴 내 개인정보 그대로 영수증에 있는 상태로 비닐 외부에 부착. 결론 ㅡ ssg를 벤치마킹 주문취소 가능 거기는 주문 후 상품추가 가능 영수증이 아니라 바코트여서 그나마 안심
29,앱 자체는 쓰레기가 확실하다. 품번 정확히 적고 매장명검색 해서 판매매장 검색하려는데 정확히 입력했음에도 안내문구 계속떠서 확인불가; 포인트 적립 앱이랑 다이소샵이랑 합치지 왜 불편하게 따로 운영하는건가요?ㅎㅎ 별점 1이 많은 이유가 있었네요. 안쓸듯하니 리뷰적고 칼삭하겠습니다.
30,"제품 구매하는데 옵션 선택을 배송 요청사항에 기입해야 하는 듣도 보도 못 한 방식를 사용하네요. 매우 불편합니다. 구매하려는게 몇 개 안 되는 상황이면 그나마 괜찮겠지만 만약 20가지 품목을 주문하려면 배송 요청사항에 20가지 옵션을 다 일일히 기입해야 하는데, 이게 도대체 무슨 헛짓거리일까요.."
31,물품 매장검색이 잘 안됩니다. 집에서 먼 곳에만 있다고 나와서 일부러 몇번이나 멀리 다녀왔는데 집 바로앞 매장에도 있더라구요. 그자리서 바로 샵다이소 앱키고 다시 확인해봐도 역시 집에서 먼 곳에만 있다고 나오네요. 검색 기능도 별로입니다. 명칭으로 치면 안나오고 카테고리로 찾아들어가면 나오고 그러네요.
32,잘 쓰고 있었는데 어느날 갑자기 배송 불가지역으로 바뀐건지 픽업밖에 선택이 안됩니다. 근처에 다른 다이소도 많은데 먼곳으로 배정됐을 때부터 예상하긴 했지만 처음부터 안됐다면 모를까 공지도 없이 그냥 바꿔버리네요. 어떻게 된일인가 싶어 문의를 남겨봐도 한달이 되어가는데도 답변도 안달리는걸 보면 관리도 제대로 안되는것 같고 개선이 많이 필요해보입니다.
33,기존다이소와 통합되었다고 기존 아이디 주소로 들어가라고 하는데 (다이소 로그인 잘됨) 샵에서는 아이디나 비번이 다르다고 안됨(수없이 확인해도 안됨) 그럼 다시 가입을 해보려면 가입된 아이디라고 기존 아이디비번으로 들어가라고 함.. 그럼 아이디 찾기 해봄 그리고 다시 로그인 역시나 안됨.. 이걸 컴퓨터와 모바일에서 수없이 반복해봅니다만...[ 해결해야 할 자체적 오류같습니다.]
34,결제가 너무 짜증나요 재고 상황을 볼수잇는건 진짜 좋구요 그래서 주변에 제품이 없으니까 배송시키는 건데 결제를 어플 하나 다운 받고 주민등록번호 전부랑 계좌번호 otp번호까지 다 찾아가면서 써야한다니 그리고 결제 선택지가 딱 두개 뿐이라니........... 무통장이랑 카카오페이나...결제 좀 늘려주세요 앱도 느린거 맞습니다 버튼누르고 기다려야해요 그리고 상품옵션을 배송메세지에 적어야 랜덤배송이 안되는데 여러개사면 옵션을 적을 공간이 없을만한 50글자...직원분들 헷갈리지 않게 요약하고 구분해서 적었는데 이것도 불편하네요. 이름 기억해서 적는것도 일이되고..
35,일부 지역만 배송가능이면 이 어플이 존재할 이유가 있을까요? 인터넷 서핑하다가 다이소 전용 상품들을 살 수 있는 게 열렸다는 얘길듣고 기쁜 마음에 검색하고 설치하고 주소 입력하려니 온라인 서비스 불가라고 하네요. 이런 부분에서 상당히 급하게 서비스를 오픈한 듯한 감이 없지 않습니다. 구매하다보면 한 두가지만 구매하는 것도 아닌데 요청사항에 일일히 적으라는 건 구매자 입장에서나 판매자 입장에서나 불편하지 않나요? 상품을 장바구니에 담을 때 옵션을 선택하는 식으로 가야죠. 온라인 주문이 불가능하니 당분간 다이소 상품 보고 싶을 때 상품구경하기 용으로만 써야겠 습니다. 개인적으로 똑같이 돈내고 이용하는 소비자인데 지역문제로 온라인 주문이 불가능하다는 팝업창을 보니 상당히 불쾌합니다.
36,"서울만 가능한 줄 알았다면 안 깔았을텐데 배송지 입력해봐야 알 수 있어서 나중에 허무했습니다. 자택 주소는 배송불가지역이라는 알림이 계속 떠서 다시 시작해야했고, 자동 로그인 해두었는데 주문 배송 눌렀는데 로그아웃당했습니다... 당황스러웠습니다. 나중에 다시 깔겠습니다."
37,여태 구매해본 온라인 배송중에 최악임. 재고 파악도 제대로 안되고 구매한제품 절반이상을 결품이라면서 연락한번없이 마음대로 배송보냄. 재고가없다고 안보낸 제품들이 그날도 그 다음날도 버젓이 재고 여러개로 떠있음. 큰 기업이라 믿고 주문해본 내가 실수였음. 차라리 작은기업 배송시스템이 훨씬 믿고 주문할수있고 샵 다이소는 내가 주문한 물건을 받을수있는지 없는지 운에 맡겨야되는 수준임. 차라리 재고 유무 그딴거 적어놓지말고 절반은 못받을수있다고 공지를하길바랍니다.
38,처음에 배송지를 입력해서 사용할수 있는데 대전은 암됨 혹시나 대전 다이소 지점 주소를 찍어봐도 안됨 그런데 서울 주소를 입력해보니 잘 진행되는거 보니 지역제한이 있는데 아무런 안내문도 없는 거 같음 일부 지역만 가능할거면 공지라도 하고 올리던가... ----- 다시 확인해보니 픽업가능 매장으로 검색 된 주변 주소지는 가능한듯함
39,매장픽업으로 장바구니에 담고 매장 선택하려고 했더니 계속 안됨. 픽업매장 먼저 등록하고 제품 선택하는거였음. 매장먼저 등록 하라는 팝업이라도 띄우던가.. 한참만에 알아내서 등록하고 제품 구매하려고 눌렀더니 품절팝업 뜸. 원래 품절이었던거임. 처음 구매눌렀을때 매장등록 유무 상관없이 품절팝업 띄워주거나 제품정보에 품절 표시를 해야 하는거 아닌가.. 편의성 엉망
40,"다이소 자주 이용하는데, 동네에 온라인 배송 서비스 생겨서, 써보니 괜찮네요. 매장에서 직접 사도 온라인처럼 배송하면 좋겠습니다. 매장보다는 상품이 다양하지는 않은것 같으니 온라인 상품도 빨리 늘면 좋을것 같네요. 더 애용 할 수 있을것 같습니다. 일반 온라인 몰하고는 사용성이 달라 이해하는데 한참 걸렸습니다"
41,다이소를 애용하는 사람으로서 다이소가 잘되길 비는데.. 배송지설정을 아무리 해도 물건담기가 안되는 오류가 있네요. 이런 현상이 제 기준상으로 두달도 넘게 이러는데 앱담당자가 일을 안하는건지 다른 리뷰만 보더라도 이같은 문제가 있는 분들이 많은것같습니다. 차라리 희망고문이라도 안되게 앱을 없애시는게
42,매장 픽업이 있길래 지역 매장 검색해봤더니 물량이 없다네요?.. 분명 검색했던 매장에는 있던데.. 다른 물품도 마찬가지고.. 입고도우미로 해당매장에서 계속해서 어떤 물품들이 있는지는 대략 아는데 좀 아쉬워요 차라리 매장들마다 어떤 물품들이 있는지 쫙 보이게 해준다면 훨 나을탠데
43,두 가지 장점. 다이소몰과 다르게 딱 다이소 제품만 나옴. 배송이 되고 배송비가 다이소몰보다 조금 저렴함. 큰 단점. 배송이 거의 안 됨. 그나마 매장 픽업이 가능하다는 게 장점이려나...
44,실망이 커요. 집에서 외출하기가 힘든 둥이 육아맘입니다. 아이들이 어려 같이 나가야 하는데 제일 가까운 곳도 차로 5분은 나가야 합니다. 사고 싶은게 있어도 배달에 의존해야 하는데 샵다이소가 생겼다길래 집에서 배송 받을 수 있다고 생각했는데 열어보니 막상 저희 지역 다이소 검색도 안되고 배달도 불가지역이라하네요. 인터넷을 이용한 어플이라면 적어도 배송의 이점은 있어야 하는거 아닌가요. 무슨 사지도 못하고 검색도 못하게 해놓으면 누가 이 어플을 쓸까요? 개선되리라 믿고 기다리고 있습니다만 이건 진짜 아니에요. 배송만 잘 되어도 다이소 더 승승장구할텐데 너무 아쉽네요. 단골이라 더 실망이에요.
45,진짜 좋아요 하지만 청주 배송불가. 하지만 다른 편의점앱은 장바구니 가능. 그리고 수시로 점포 변경 가능. 나도 임베디드시스템을 오랜전에 배웠지만 관리자 징계감이다. 정말로 노력도 하지도 않고 너희팀은 그러다가 침몰 할 것이다.
46,"쓰고 싶어도 와이파이, 데이터 전부 뭐만 하면 연결이 불안정하단 알림이 자꾸 떠서 사용할 수 없습니다; 물론 정상적으로 연결돼있음에도 불구하구요;;"
47,자주이용하는 매장에는 재고가 없다고 나옴. 혹시몰라서 매장에서 본 물품검색해서 매장찾아보니까 다른것들도 재고가 없다합니다. 재고있는지 없는지 편하게 검색해보고 살려고 했더니 나에게는 쓸모가 없는 어플
48,"다이소어플이 있어 기분좋게 깔았는데 로그인을 할려구 하니 아이디가 잘못되였거나 패스워드를 다시 입력하라네요.그래서 잘못입력한줄 알고 아이디,패스워드 다 다시 인증받고 했는데도 마냥 똑같이 다시 입력하라는 문구가 뜨네요. 그 작업을 거듭하다 안되니 악~ 소리가 나게 화가 나네요.핸드폰을 부셔버리고 싶은 심정. 리뷰같은거 절대로 안하는 스타일인데 한자 적어봄니다."
49,아무리 매장마다 상이하다지만 집근처에 다이소만 여덟군데가 넘는데 한군데도 배달이 안됨.. 심지어 픽업은 집에서 먼곳밖에 안되네요.. 이런 상황에 어플을 깔아봤자 무슨 소용일까요. 사용하질 못하는데ㅡㅡ 주소자체가 입력이 안됩니다. 그렇다고 외진곳에 있다기엔 주변에 매장이 심히 많지 않나요??? 그냥 제 집 주변 매장들은 죄다 귀찮아서 하지 않는거 같음ㅡㅡ
50,"😃 장점 ✔️ 근처에 픽업매장이 있다면 유용하다 ✔️ 배송도 일반적인 속도로 도착한다 ✔️ 매장에서 1시간동안 아이쇼핑 할 필요가 없다 🤨 어플 개선점 ✔️ 재고수량파악 어려움 ✔️ 품절상품이 품절표시없이 게시됨 ✔️ 어플자체에 반응속도가 느림 ✔️ 렉걸림 현상이 자주발생해 껏다켰다 반복해야함 ✔️ 픽업시 비닐봉투 사용하지 않는경우 포장비 제외옵션이 필요함 (봉투안써유) ✔️ 찜, 장바구니에서 상품삭제시 화면 리셋 ✔️ 색상등 요청사항에 기재해달라고 되어있지만 글짜수 제한으로인해 반영불가 아직은 편리한것보다는 내가 이렇게까지해서 사야겠니 그냥 가고말지? 상태임"
51,일단 나온지 좀 된 물건도 등록되지않은 경우가 정말정말정말 많아요 다이소에 어떤물건이 있는지 궁굼한데 정확하지가 않아서 믿음이 안가네요 그리고 가장 불편한게 재고있는지찾을때 그 지역에서 가장큰 다이소만 떠서 가까운거리에 있는 다이소에 제품이 있는지도 안뜹니다
52,쓰레기같은어플. 회원가입하는데도 비번치는데 틀리면 처음 인증부터돌아감. 가입후검색할때 픽업매장도 나와서 여러가지 오랜시간 장바구니담았는데 주문하러들어갔더니 그제서야 품절상품표시됨 그럼 장바구니 넣을때마다 장바구니로가서 품절인거 확인하나?? 배송지 입력을해야 주문한다는데 회원가입할때 이미썼는데 주문자와동일 이런버튼없음 또 써야함
53,배송지가 오로지 매장으로만 되는데 만약 매장이 자신의 집과 멀다면... 직접 찾으러 가야하니 쓰기 어려움. 게다가 주문 후 제품 취소가 어려움. 앱에는 취소버튼 자체가 없음. 직접 매장에 전화해서 취소해야 함. 별로임.
54,상품을 검색하고 구매 가능한 매장을 검색하면 난데없이 상품명이나 품번을 정확히 넣으라고 한다. 분명히 상품검색해서 들어갔고 상품명란에 떡하니 상품 이름이 입력되어 있는데 다시 넣으라고 하는 건 뭔가요? 차라리 판매 매장이 없다고 하던가... 사용자 화나게 만드는 앱을 출시하고 홍보하는 걸보니 내부자가 진심 다이소 안티인가보다.
55,앱이 불안정하게 연결되고 뭔지 모르게 서투른 시로도 느낌! 전시상품 화면이 너무 작은사이즈에 확대기능이 없어~~ 애효~~두루두루 넘 불편합니다
56,인터넷 연결 불안정 메시지 뜨고 실행 안됨. 재 설치하면 잠깐 되다가 재 실행시 또 안 됨... 와이파이 lte 5g다 안되고 장소 바뀌어도 같은 현상 서비스 아이디어는 좋은데 어플이 너무 구림
57,매장 차세우기도 불편하고 코로나시대 좋아요. 다만 필요한게 계속 없을때가 많고 강남은 배달이안되네요. 아이 배달시켜주려는데 거긴 왜안될까요? 물건을 고를때 바로아래 초이스란이있어 색선택 있으면좋겠고 원하는색 우선으로 구입했으면좋겠습니다.더개선된 모습기대할께요.
58,지역내 매장도 전부 보여주지 못하고 매장 재고에 대해서도 검색이 원활하지 않음. 배달은 아직 기대도 하지 않았음. 베타버전 수준의 앱을 내놓은건 기대이하였음. 돈 더 벌고싶은거라면 투자가 필요함. 이대로는 못씀. UI나 UX 모두 엉망이고 DB연동도 제대로 안된듯.
59,다좋은데요. 어플이 너무 오류가 많나요 접속이 잘 안될때가 많고 터치해도 다른 창이 뜨고요 핸드폰 문젠가해서 다른 어플 켜서 확인 했는데 멀쩡해요.
60,회원가입이 불편합니다. 비밀번호는 '영대소문자/숫자/특수문자 사용가능합니다'라고 적어놔서 이것저것 조합해서 입력했는데 안된다고 뜨면서 휴대폰인증부터 다시... 입력하면 또 안된다고 뜨면서 휴대폰인증부터 다시. 불편해서 그냥 안쓸래요.
61,다른 지역에는 있고 우리지역만 없는 경우가 많은데 이런 경우에는 다이소물품 배송화물차로 배송해주셨으면 합니다 배송 받을 수 없는 지역에다가 그 물건 하나 사겠다고 거기까지 가는 비용이나 배송비 더 내고 사는거나 그 돈이 그 돈이니 재고가 있는 제품을 배송비 내고 집으로 배송받을 수 있게 해주세요
62,"다이소 갈때마다 편리하게 샵다이소 이용해 보라고 광고는 많이 하는데 쓸모 없네요. 수도권에 사는데도 제품검색,매장검색 하나도 안 나오는데 뭘 이용 하라는건지..."
63,어플이 너무 구려요... 왜 제품 옵션 선택이 불가능한 건지 모르겠습니다 배송메시지에 원하는 옵션을 적어야 한다는데 50자 제한이라 몇 개는 못 적고 그냥 랜덤으로 받았어요 너무 불편해요 어플에서 배송상황 확인도 못하고... 여러 가지로 불편하네요
64,잘사용중이엇는데 갑자기 인터넷연결오류가 많이 뜨더라구요 와이파이도 데이터도 모두 잘터지고 있는상태인데도 말이죠..
65,아직 완성되지않은 앱 고객이 테스트용인가 오프매장 자주이용하는데 이앱은 아직은 대실망이네요. 문제점 일일히 나열하기가 어렵네요 되는게 거의 없어서
66,느린거는 원래 전에 쓰던 폰이 이것보다 더 느려서 그닥 답답하지는 않은데 배송이 왜 여기서 일부러 다른 동네 다른 시로 찾아서 시키려는데 픽업만 가능한지도 등록 해야보이고 해도 왜 다 픽업 밖에 안돼죠? 여기서 제일 가까운곳도 제가 가기 힘든 위치인데 왜 당일 배송은 안돼도 빠른 배송은 왜 또 안돼나요?
67,"안되는게 너무많고,일부러 노검색으로 카테고리들어가서 일일이 찾아서 보려해도 오류가 뜸 자꾸 로그인하라고도 뜸.. 로그인 5번째 걍 포기함...ㅜ 흑흑진짜 로그인해도 자꾸 로그인하래서 짜증났는데 계속 업뎃하며 ㄱㅊ아졌어요 요즘은 곧잘 다이소로 방문혹은 배송시켜욯 간혹 비닐이 뜾어져있음 )~~(하나 갓다이소가 배송되니 좋네요 무거운 제품들은 배송 안되는게 많아 슬프긴해욥 ㅜ ㅎㅎ♡그래도 좋아요"
68,들어가자마자 흰 화면에 시작이 안됨... 데이터 문젠가 해서 와이파이 연결로도 해봤는데 역시 똑같이 흰화면 뭐 앱이 시작도 안되면 어떻게 쓰라는건지...
69,걸어서 10분거리에 다이소가 있는데 굳이 왜 다른동네 다이소로 지정이 되나요? 재고가 똑같은것도 아니고 분명 주소 설정도 똑바로했는데 다른지역 다이소가 뜨질않나 정말 다이소는 앱관리가 하나도 안되어있네요
70,배송지 등록할려는데 검색만 되고 등록은 안되네 ㅋㅋㅋㅋ 이정도면 테스트는 아예 안한수준아님? 상품찾을려면 배송지등록해야하는데 배송지등록이안되네 어이가없어서 ㅋㅋㅋㅋㅋ
71,1점도 아까움. 회원가입 잘 안되 로그인 잘안되 서비스 이용가능 지역 아니라며 주소등록도 안되 뭐지? 다이소 매장 천지인데 서비스 가능한 매장이 근처없다닠ㅋㅋ 이거 왜 하지? 고객센터 전화 걸었더니 부서간 전화연결도 안됨 부서잘못 선택하면 전화 끊고 다시전화해서 기다려야 함ㅋㅋ 이 서비스 왜 시작 했는짘ㅋ
72,다이소 본사 재고창고에 고객집으로 배송하는 시스템이 아니라 집근처 매장내에서 판매하는 물품을 픽업&배송만 가능함. 즉 다이소에서는 팔지만 집주변 매장에서 팔지않는 물건은 살수없음. 무슨 온라인소핑몰 시스템이 이따구냐..이거 기획한 사람 진짜 누구인지 궁금하네.... 평소에 온라인 쇼핑앱을 써보긴한걸까? 이걸 다운받으면서 다이소쿠팡같은 걸로 생각하지 맥딜리버리로 생각하겠냐고 ㅋㅋ아니 온라인쇼핑을 이용할때 누가 매장내 물품만 구매하려하겠음. 그럴꺼면 걍 걸어서 다이소가지...집근처 매장에서 안파는 다이소 물품을 구매하려는 사람이 대다수일건데..... 그리고 오류 진짜 많고 버벅이는거 진짜 심함..
73,"매장 재고 검색하려고 설치하긴 했는대, 이걸 돈주고 만들었다는게 신기하네요. ㅡㅡㅡㅡㅡㅡㅡ 가까운 매장 재고 검색하려는대 온라인배송 불가주소라고 주소등록 및 검색도 안됨. 픽업도 안됨 계속해보다가 안되서 지움."
74,앱깔고 하는중인데 주소도 등록이 안되고 매장에 재고가 없다고 뜨는데 전화해보면 직원분들께서는 있다고 하시고ㅋㅋㅋ 재고가 있는데도 매장에 없다고 뜨고 물건 지역검색 해봤는데 무슨 서울에 세군데밖에 없나요ㅋㅋㅋ 그리고 다이소에 대부분 있는 스티커 같은 것들도 지역검색 해보면 아무데도 없다고 뜨는데 가보면 재고 엄청 많아요ㅋㅋㄱ 그냥 신상품 확인 용도로 씁니다...
75,픽업서비스 자체는 좋은데 취소할 수 있는 버튼이 없어서 환불하려면 그 매장에 전화를 걸어서 일일이 확인해야한다는게 다이소 매장 측이라던지 고객 차원에서는 좋지 않은 거 같습니다. 취소 버튼 추가 부탁드립니다.
76,상품 옵션을 선택해서 담을 수 있는게 아니라 일일이 배송요청사항에 입력해야하는데 글자수 제한이 50까지라 많은 물건을 구매해야할 때 옵션을 다 적을 수가 없어요 상품 옵션을 선택할 구 있는 기능을 만들어주시거나 배송요청사항 글자수 제한을 늘려주셨으면 좋겠어요!
77,"한번도 안열어봤다가 지역배달 된다는 얘기에 들왔다 업뎃하고 리뷰보는데 1차로 실망! 그리고 가입하다 배송지 입력하다 해당지역 안되므로 2차로 실망!!! 다른분들은 어디에 사는지는 몰겠지만.. 이건 아니라고봄..짜증나 ㅡㅡ^,;;;; 과연 언제쯤 될지... 답안보여 그냥 칼삭!! 수고!!"
78,주소를 하려고 하는데 우편번호를 찾아서 계속 하려고 해도 안 되더라고요 직접 적을수도 있는 것도 아닌지라 처음에는 버그인가 싶어 나갔다가 왔다를 여러번 했는데 안됐었어요
79,검색도 잘 안되고 배송지 입력하면 품목도 다 안나오고.. 너무 불편해요. 반응도 너무 느리구요 그리고 색상 랜덤배송은 진짜 오바.. 그리고 접속안될 때가 좀 잦네요..
80,지방 편의점도 당일배송되는시대에.. 블로그보면 뭔가 대단한 어플인거같이 나오더만 배달되는곳도 몇개 안되고 배달되도 다음날 저녁.. 로켓배송 부럽지않다길래 해봤는데 2키로 거리에 가장 가까운 매장에서 주문하는데도 멀리서 주문하는 로켓보다 느린이유는 뭘까요? 좀더 다듬어서 내놓았으면 좋았을거같은데...블로그 보고 이거다!!하고 깔았는데 실망만 크네요 블로그도 돈주고 쓴 느낌...
81,진짜 좋아요. 이제는 포인트도 사용 가능하고 배송비도 저렴한데 당일배송에 재고가 있나 없나 미리 확인해보기도 하고 자주 쓰는데 앱 구동이 버벅거리는거 조금 답답해요 왜 느리지?
82,상품명으로도 품번으로도 구매가능매장 검색되지않음. 택배발송이 가능 한것도 아님. 주소는 왜 등록하라한것인가 참 의문스러움. 집근처 매장으로 배송받아서 픽업이 가능할줄알았으나 그것도 아님. 어플... 왜 설치한건가 나는..
83,배송도 매장찾기 재고찾기도 의미가 완전 없어지고 있습니다 기능이 점점 떨어지는 어플은 처음 봅니다 별 하나도 아깝습니다
84,구경을 못해요..너무 오류가 심해서 터치하다가 멈추는게 지속되요.. 재부팅해도 그래요 ㅠ 많이 개선하셔야겟어요
85,와우 이런 앱 처음입니다. 배송주문하기 버튼만 50번은 누른듯요. 결국 결제화면에서 먹통되서 포기 했네요. 사용자 입장을 전혀 고려안하고 대충 만든 앱으로 보여요.
86,"저는 나쁘지 않게 사용하고 있어요 집까지 배송도 오고, 매장 픽업 메뉴도 있지만 매장가기 귀찮아서 시키는거라 만족만족. 다만 배송지 입력하면 주문할수있는 품목이 매장마다 달라서인지는 모르겠지만 그것만 조금 아쉬운 정도지 만족스럽습니다"
87,와 너무 좋아요!! 전 대체로 실종류 많이보는데 실이라고 치면 모든종류가 나왔으면 좋겠어요ㅎㅎ 그리고 예) 의류ㆍ사무용품 처럼 나누어져있으면 완벽할것같네요!!~
88,별 한개도 아깝습니다. 다이소 애용하는데 어플은 엉망이네요ㅋㅋ 차로 5분 거리에 다이소 두군데나 있는데 주소등록 안되고 다른 주소로 등록해서 카드결제하려니까 페이북 실행안됨. 계좌이체하려니까 뱅크페이 또 설치하래서 귀찮아서 포기
89,한개도 아까운 앱임 반응이 이렇게 느린것도 처음이고 품목이 품절이면 처음부터 그렇게 뜨게 해줘야 하는데 겨우겨우 찾아서 주문하려고 하면 품절이라고 뜸 그럴꺼면 열심히 찾지도 않음
90,앱 쓰다가 화병으로 쓰러질듯..터치를 해도 반응없고 한참 다른거하다가 봐야 실행되어있음ㅋㅋㅋ난 내가 메뉴 터치를 안한건가했음ㅋㅋ#다이소on day한다기에 설치하고 들어갔는데 정신건강을 위해 앱삭제가 최선인듯!
91,앱은 유용하게 쓰고있음. 근데 매번 멈추고 팅기고 오류때문에 편안하게 써본적이 없어서 쓸때마다 짜증남. 진짜 좀 어떻게 해줬으면 좋겠음
92,매장을 선택한 다음에 그 매장에 현재 남아있는 물건을 몰 수 있었으면 좋겠네요 제품 보고 또 하나하나 직접 지점명 입력햐서 재고 확인해야하고..... 왜 이렇게 별점이 낮은건지 알겠어요
93,매우 불편합니다. 길거너 서울인데 배송도 안되는 지역이라고 하고. 가까운 매장 찾기도 거리순으로 정렬 안되고 한마디로 엉망임.
94,제품검색해보니 분명 현장에는 재고가 많았는데 검색해보니 재고가없다고뜨네요 이것때문에 살려고했던것두 못사고왔네요
95,앱이 너무 불안정하고 반응속도 느리고. 자동로그인히랑 아이디 저장에 체크해두면 장바구니에 물건담을때마다 로그인하라고떠요. 진짜 너무 불편하게 만든 앱..
96,색상랜덤ㅋㅋㅋㅋㅋ 기가차네 귀찮으면 만들질 말던가 랜덤으로 주는거 걍 받아쓰라는 건 뭐지 아무리 저렴하다고 해도 구매하려는 목적이 있고 갖고있는 물건이랑 조화가 있는데 선택을 못하게 하다니...
97,별로임. 재고파악이 제대로 못하네요. 어제 방이시장점(방이동) 다이소 지점에 차량용대나무방석 수십개 있는거 확인했는데요. 막상 앱에서는 송파구청점(방이동)만 나옴
98,반응도 느리고 상품준비중일때 추가 할거있어서 취소 버튼 계속 찾아봤는데 안 보이고 요청사항에 적어놓은거 하나도 안 들어주고 별로였습니다...ㅠㅠ
99,주변 다이소 중 원하는 물건이 어디에 파나 알고 싶어서 깐 앱인데 제대로 나오지 않아요. 적어도 우리 지역에만 20개가 있는데 재고가 있는 제품은 다 한 다이소로만 떠요. 모든 다이소의 재고 여부를 알게 해줬으면 좋겠어요
100,결제방식좀 추가해주세요. 휴대폰결제든 카카오페이 네이버페이 이런게 전혀안돼서 너무 불편합니다. 요즘 저런거안되는 쇼핑몰이어딨나요. 하다못해 무통장입금이라도 좀만들어주세요 결제단계까지갔다가 짜증나서 매번 안하게됩니다.
101,최근에 이사했는데 배송지 수정에서 진행이 안되면 주문을 어떻게 하라는건지 모르겠음 일시적인건지 버그인건지 기본적인게 안됨
102,물건 있는지만 검색하려고 했더니 가입까지 하게 해놓고 정작 집근처 지점이 안뜸. 굳이 왜 가입을 하게 하나요.. 바로 삭제하게끔 만들어놓고는..
103,어플 버렸나요? '인터넷 연결이 불안정합니다' 팝업 뜨는 문제 해결 좀 하세요...;; 와이파이 빵빵한데 뭔 지혼자 불안정하대
104,주소지 설정 안됨 배송 안됨 픽업 안됨 되는게 뭔가요? 앱이 미완성 입니다 겁나게 느리고 뒤로가기 누르면 목록 맨위로 올라가 있고 괜히 설치 했어요
105,정말..어플극혐...^^... 내가 이래서 몇번을 지웠다깔았다를 반복했는데 또 깔다니요...정말..기대한 내가 바보인가..왜 배송지등록이 안될까요//...
106,이거 왜 1점인지 알겠네요. 경기도인데.. 온라인 서비스 불가지역으로 떠서 이용도 못합니다. 산간지역도 아닌데.. 너무하네요.
107,근처 다이소 뜨지도 않음 게다가 배송지 입력 기능이 작동하지 않음 왜 별점이 낮나 했는데 역시 별점이 정확하네요
108,판매매장 검색을 기능을 할려면 전국 다이소를 해놓던가 이거 하나 하려고 쓸데없이 회원가입하고 뭐 이리 복잡하게 만들어놧는지
109,아니 무슨 로그인 하는데 너무 헷갈리고 너무 어려움 로그인 하는데 시간 다 씀 그리곤 배송 안되는 지역 이라고 뜸 주변에 다이소 있는데
110,일점도 아깝다. 외주업체 다른데 찾아봐라.. 킬때마다 데이터 와이파이 다 켜져 있어도 인터넷 연결 문제있다고 뜸.
111,멤버십 앱에서 보고 알게되어 그동안 못 샀던 큰 물건들 배송 시키려고 다운받았는데 배송가능한 지역이 아니라해서 삭제함. 그리고 구경이나 하자는 마음에 상품 누르면 실행속도 느림. 그냥 하나씩 사거나 포기하든 해야겠어요. 괜히 기대했음
112,이렇게 로딩이 심한 앱은 처음 보네요...고사양 그래픽도 아닌데; 업데이트 시급합니다. 이왕 어플서비스 시작한거 제대로 만들어주세요.
113,아직 서비스 안되는 곳이 많아서 별 쓸모가 없네요..글구상품이왜이리없는건지..차라리매장가서찬찬히둘려보고사는게낫겠네요..제주는배송도안되고픽업하는곳은아예정반대지역이고..이렇게허접하게할거면아예만들지나말지
114,진짜 좋아요! 진짜 좋은데! 문구류(노트)는 죄다 랜덤발송 상품이고..아무래도 돈을 내고 사는데 막상 온게 맘에 안들수도 있다는게 단점인거 같아요;;;
115,너무 느려요 터치하고 이초이상뒤에 화면이 열리고 ..저만 이런가요 폰 용량 문제도 네트워크 문제도 아닙니다....
116,"우리집 근처 다이소매장에 없는게 있어서 구매하려는데 결제방법좀 늘려주시면 좋겠습니다 . [ex)카카오페이, 네이버페이 등등 ] 카드 또는 계좌이체 (앱 사용이나 회원가입 해야함) 밖에 없어서 구매하기가 불편하네요 그것말고는 아직까지는 괜찮습니다 더욱 분발해주세요"
117,엄.... 로그인도 잘 되고 화면들도 잘 넘어가네요. 주문은 해봐야 알겠지만 이상없습니다. 고민되시는 분은 한번 깔아서 직접 써보시는게 좋겠네요.
118,취소를 바로 못하고 고객센터 전화 하라는데 전 새벽반이라 전화도 못하고 무조건 받아야 합니다 ㅎㅎ... 게다가 불량 교환하려면 배달 해준 지점으로 가야 하는데 버스타고 30분 이상 걸리는 지점으로 '직접' 가야 합니다
119,"앱에 접속될 확률이 랜덤인가요? 여러번 시도해야 겨우 한번 들어가지고, 어쩌다 들어가져도 반응이 너어어어무 느려요.. 이걸 정말 고객들 편의를 위해 만든건가 싶네요."
120,픽업가능 지점이 너무 멀어요.주변에 매장이있는데 왜 여긴 안돼죠?그렇다고 배송을 하려하면 서비스지역이 아니라고 나와요.전북에도 배송까진 아니어도 픽업은 ㅈㅂ 꼭 좀 되게해주세요.픽업만 되면 별 5개짜리란 말이에요ㅠㅠ
121,상품선택후 예약배송하려해도 클릭도 안되고 주문가이드는 너무 대충 딱 한번 화면에 띄워주고 물건사려할때마 주문하기 진짜 어렵고 짜증남
122,배송주소 등록하려고 하니 온라인 등록이 불가능한 주소라 나오네요. 아마 배송이 안된다는 거 같은데 배송은 안 되어도 주소는 등록할 수 있게 해야 하는 거 아닌가요? 이유도 설명 없이 고객 센터에 문의하라고만 나오네요. 개선해주시길 바래요
123,상품 있나 보러갔다가 없어서 어플 깔고 봤더니 통합로그인도 아니고 회원가입하래서 걍 바로 삭제... 그정도 수고들여 가입하고 싶진 않음
124,판매매장 검색 하나도 안 맞음 무쓸모임...우리동네 다이소에서 아까 봤던거 검색했는데 지역에 재고 없다고 뜸ㅋㅋㅋ여러개 있었는데...ㅋㅋㅋ혹시몰라 낮에 회사 근처 다이소에서 봤던거(이것도 여러개 있었음) 검색해봤는데 똑같이 재고 없다고 뜸; 걍 무쓸모 기능...바아로 앱삭제 직접 두 발로 발품팔아야함😮‍💨
125,당일배송 이랫으면서 결제하고 하루종일 기다렸는데 기다리고 보니 주말에도 상품준비중임 급해서 쓸려고 산건데 결국 다이소 매장 직접 가서 삼.. 글고 취소나 환불 같은 문의는 어디로 전화해야하는지 자세히좀 명시해주세요....다이소몰 등 전화 다 돌리니 매장으로 전화하라하셔서 매장 전화해서 취소신청함...ㅜ ㅜ.. 이앱 이용할일 없을거같네요
126,각 매장에 비치된 상품 검색할수 있다해서 설치했는데ㅠ 쓸모없었네요. 결국 발품팔아서 원하는 물건 샀어요ㅠ
127,여긴 다들 빠르게 온다해서 기대하고 깔았는데 무슨 배송비가 물품보다 비싸고 구매하려고 눌렀더니 무슨 여기지역은 배송이 안된다해서 결국 못사네요 이앱만든 이유가 궁금하네요 사지도 못할거 추천안함
128,"사용하는거나 기획 자체는 좋은것같은데 다른 시골도아니고..부산인데 배달이 안되는 지역이라니.. 그리고 집 주변 다이소만 5개정도 되는데 어떻게 한개도 픽업이 안되죠;; 픽업되는 매장 들려주시고, 배달 가능한 지역도 늘려주시면 잘 사용할것같긴하네요"
129,다좋은데 왜 주문하고 상세보기 눌러도 아무 반응이없나요.. 상세보기 주변을 막 눌러야 얻어걸려서 들어가져요 왜그런가요ㅠ
130,배송지 등록하려하는데 우편번호 찾기만 되고 주소 클릭이 되지 않습니다.. 그래서 다음 단계로 넘어갈 수 없습니다 ... 뭐임요 ..
131,"저는 어플에대한 오류는 전혀 없고 최근까지 배송 잘 오다가 갑자기 배송이 안되는데 배송불가능 지역으로 바뀌었는지, 배송가능 지역은 어디서 보는지 모르겠고 질문을 했는데 일주일 넘게 답변이 없고...답답합니다"
132,배송 가능한 지역이 따로 있었으면 구경도 안 했을 텐데... 특정 지역만 배송 된다고 크게 써 놓던지 하셨으면 좋겠네요. 시간 낭비 제대로..
133,개발자분들... 앱 오류 많은데 수정 1도안함.. 배송지 설정 계속 완료해도 저장안되서 장바구니 안담김^^ 별점이 쓰레기인건 이유가 있는법ㅎㅎ 안되면 하는방법이라도 알려주던가 ...어휴..직접가서 사고 말지...
134,배송비 더 내더라도 주문할수있게 해줬으면 합니다. 다이소 제품 온라인에서도 주문하고 싶네요
135,인터넷 연결 짱짱한데 계속안된다고 뜨네요. 급하게 재고조회 할일이 생겨서 깔았는데 이앱은 지워야겠네요.
136,렉이 너무 많이 걸려요 한번 클릭하면 화면이 멈춰버려서 계속 나갔다 들어갔다 하고 있어요 인터넷 연결도 정상적으로 되어있는데 이 앱에서만 이래요
137,"한심한 앱... 주소지 등록하는데, 검색하고 클릭 후 전혀 넘어가지 않음. 무슨 등록이 되야 주문을 하죠?"
138,정작필요한 제품은 검샥해도 안나오고 문의해도 이상한 답변만 하고 있음.
139,재고가 있는데도 없다고 뜨고 일일이 재고 있는지 지역 설정해야하는게 귀찮네요
140,배송지 설정이 안됨 기능에 오류가 많으면 일단 매장 상품 찾기라도 열어놓던가 배송지 설정이 되게 하던가.... 너무 답답하네요
141,너무 최악이다. 회원 가입 버튼이 안먹힘. 도대체 누가 관리하는건가. 기본적인 에러가 여기저기 터지는데 아무도 신경안쓰네
142,제품을 검색한 후 매장을 선택 가능하게 되면 좋을거 같아요 :) 신상 스티커들 사고 싶은데 검색할 때 불편해요ㅜㅜ
143,겁나 굼뜨고 느려요. 지역별로 서비스 안되는 곳도 있고.
144,"지금 써보니 전보다 많이 안정화된 느낌이에요! 한 가지 바램이 있다면, 주문 후에 추가 품목을 기존 주문에 더해서 결제할 수 있었으면 좋겠습니다."
145,"점수가 왜케 낮은지했다. 해보니까 0점도 이해간다. 배송되는매장이없다. 제주 산간지역도아니고 번화가인데 배송 않되는 지역이라하고, 픽업밖에안됨 매장에있는거 보고왔는데 재고 없단다"
146,로그인이안됨 다른다이소어플이랑통합이랬는데 비번 두번바꾸고 다른 다이소앱으로 로그인되는것까지확인했는데 재설치해도 안되고 뭐 어쩌란건지?
147,상품검색을 하면 전부 재고가 없다고 뜸. 심지어 동네에 있는거 확인하고 검색하는데도 재고가 없대요.
148,앱이 묘하게 느리고 배송서비스 가능지역이나 매장에 제한이 많지만 신제품 탐색 같은 거 하기엔 나쁘지 않아요.
149,로그인했는데 로그아웃되서 비번 재설정하고 3번이상 다시 설정하고 로그인했는데 계속 로그인안되는데 왜 그런가요?하..
150,"이것저것 늘리지 말고 좀 합쳐요. 다이소몰, 다이소멤버십, 샵다이소 다이소몰이랑 다이소멤버십은 독립되어서 포인트도 제각각이라던데.. 다음에는 또 어떤 다이소가 나오려나"
151,배송되는날이 없어요 당일배송은 안되고 예약배송도 매일 예약이 다 찼다면서 선택이 안됩니다 12시 땡하고봐도 늘 안돼요 초반에 몇번 잘 썼는데 매장에서 막아둔건지..아쉽네요
152,짜증납니다. 배송지 등록이 안됩니다. 온라인 가능 주소가 아니다? 고객센터에서도 잘모르고 등록안되면 무조건 안된다고라고 하니 답답하네요.
153,이 앱 진짜 극혐...입니다..터치도 느리고 상품이 다 나오지도 않고 로그인도 안되고 본인인증했는데 또 하라고 하고...최소가 별 하나라는 게 너무 아까운 앱. 절대 쓰지 마세요 어차피 못 쓰겠지만
154,아니 뭔 이렇게 복잡해요 ㅡㅡ 비밀번호도 최대 16자.. 너무 보안에 취약한 것 아닌가요? 그리고 재고조회만 할려는데 왜 픽업 서비스로 통해 봐야 하나요 진짜 불편하네요
155,계속 네트워크연결이 안된다며... 뻔히 잘되고 있는데.다이소앱만 이러네.. 웹에서도 그래서 앱 깔았더니 앱이 더 심해 ㅡ.ㅡ^
156,너무 느리고 답답해요. 그리구 근처에 다이소 더 있는데 주소기준으로 딱 한군데만 설정되게 되있어서 불편해요ㅜㅜ
157,입점 되어있는 매장 확인에서 제품명을 맞게 써도 제품명혹은 품전이 맞지 않다고 뜨네요. 품번으로 해도 똑같아요. 고쳐주세요
158,배송센터 변경되고선 당일배송은 무슨 택배보다 더 느리게 오네요 영업일 기준 3일에 와요. 취소버튼도 안보이고 진짜 왜 이렇게까지 변한건가요? 배송비 1천원에서 2천원된거는 상관도 없는데 배송일정이 너무 별로입니다.
159,시대가 어느때인데 주문한거 취소할라면 직접 전화해야하나요 ㅎ 배송도 느리고 대표번호로 전화했더니 지점으로 돌리고 아직 프로세스도 없는듯요~
160,제품도 죄다 품절 그나마 찾아서 대량매입하려는데 색상은 랜덤이라는게 말이야방구야 앱 이렇게 쓸거면 서비스종료하고 새로만드는게 답일듯 플레이스토어에는 이런 앱 때문에라도 별점 0개 기능만들어야될듯
161,앱 좀 잘 만들어주세요... 진짜 앱만 쓰기 좋으면 많은 사람들이 엄청 자주 많이 이용할 거 같은데 너무 별로네요.. 쓰라고 만든 건지...
162,로그인 하자마자 페이지 표시가 안된다고 하고 앱 재실행해도 같은 화면만 떠서 사용할 수 없네요.
163,로그인!!!! 로그인좀 합시다 비밀번호를 몇번이나 바꿔도 안되고 맞는것 치면 못 찾았다고 페이지 다운되고 뭐하자는 거죠ㅡㅡ
164,해당지역 배송안될거면 이앱 사용을 왜 합니까; 별하나도 아깝네 내가 이거 설치하고 지웠으니까 앱다운인원에 포함시키겟죠;; 그것마저 아깝습니다. 진짜
165,검색창 너무 불편하고 없는 물품도 있네요 거북이 감마루스 구입하려는데 검색도 어렵고 아예 있지도 않음 ㅋㅋㅋㅋ찾느라 반려용품 이백 몇개를 다 살펴봐야했어요
166,만든건 좋은데요 내폰이 옛날폰도 아니고 .. 앱이 왤케 버벅 거립니까 ?? 물건도 매장보다 더 없네요 .. 암튼 그래도 앱좀 잘 되게 해 주세요ㅠ 물건을 볼수가 없어요
167,안되는게 이상해서 다시 깔고 다시 시도해봤큰데 비번찾기하고 다이소멤버쉽에는 들어가지는거 확인하고 다시 로그인해봐도 undefined 라고 뜨면서 로그인이 안됩니다
168,다 좋은데 색상이 랜덤 선택이라 아쉬워요~~ㅠㅠ결국 색상 고를려면 직접 매장에 가야되네요ㅎㅎ
169,로그인이 안돼요 방금 회원가입했는데도 안되서 스펠링이 틀렸나 아이디도 찾아보고 비밀번호도 재성정했는데 로그인창만 가면 틀리거나 없다고 나와요.. 로그인이 안되서 문의도 못넣어요..
170,잘 쇼핑하고있던중에 아무것도 터치안되고 먹통되더니 재접하려니까 아예 안들어가지네요 근데 이게 몇번짼지 모르겠어요 되게 오류가 자주나네요? 좀 이상해요
171,"픽업, 배송 가능 지역이 너무 제한적임.. 부산에 곳곳에 다이소가 몇 곳이나 있는데 나오는건 꼴랑 8곳...? 심각하네요.. 서면 본점에서 픽업 가능하다 광고 듣고 깔아봤더니 이건 뭐ㅎ 어플 깔 시간에 직접 갔다오는게 더 빠를듯ㅋㅋㅋ"
172,허접.. 집도 회사도 배달은 안된다 그러고 근처에는 픽업 가능 매장이 없다 그러고.. 모든 다이소 매장이 샵다이소 가능점이 아닌 상태라면 앱을 대체 왜 내놓은건가요?? 대단..~
173,하..처음엔 그냥 다이소 앱이 있어서 구매할려고 장바구니에 넣을려고 하는데 저희집 우편번호를 알지만 쓸려고 하는데 안되서 저희 집 우편번호를 찾아서 터치 했더니 온라인서비스가 안되는 주소가 안된다고 계속 나오네요..그럼 저는 이 앱 때문에 이사라도 가야 되나요?저는 이 앱을 그냥 구경만 해야 되나요?저희 집은 수도권인데 왜 온라인 서비스가 안된다고 하는지 모르겠네요..지금 리뷰 작성하려고 들어왔더니 평점이 2.6인지 알 것도 같네요.. 앱 깔 때는 평점 안 보고 깔았는데 다른 분들은 평점을 보시고 앱 깔기 추천합니다.! 저는 샵다이소 불추천 합니다..!
174,배송지연은 언제까지인지..막상 필요해서 주문하려해도 당일배송도 안되 예약배송도 안되...근처에 다이소 두군데나 더있는데..차라리 매장을 늘려주세요 편하게 잘이용했는데 갑자기 배송지연이라 어쩌구 하고 저처럼 자주 이용하던 사람은 불편할수 있을듯..
175,서울에서 사용하기 좋아요! 상품옵견이 따로 선택되지 않는건 개선 되었으면 좋겠어요.
176,"오류, 앱 너무 느림, 매장 물건이 틀림 개선좀 해줘요. 앱보고 가서 살라면 항상 물건이 없음"
177,전에는 됐었는데 이제는 배송불가 지역이 됐네용ㅋㅋ 멀지도 않고 있던 매장이 사라진 것도 아닌데 이랬다저랬다..어쩌라는건지..
178,평소 잘 쓰고 있었는데 갑자기 기본배송지 설정이 안 되어 있다고 해서 설정했는데도 반복되네요. 왜 이런거죠?
179,리스트에서 물건 자세히 보려고 터치해서 들어가려하면 잘못된 상품 정보입니다. 다시 확인해주세요. 라고만 뜹니다
180,주소 입력시 거의 대부분의 주소는 온라인서비스 불가 지역으로 출력됩니다. 픽업매장에서 114미터 떨어진 곳인데요. 터치는 한번만에 되는일이 없군요.
181,물건 검색해서 찾기란 불가능 딱 맞는 이름 없는게 대부분 국물내는 주머니 다시포 계속 검색하다 카테고리들어가면 차는 물건 더 찾기 힘듬 메인에 뜬 행사제품만 구경하다 나옴
182,지정해놓은 매장 상품 검색시 없다고 나오는데 막상 매장엔 판매하고 있는경우가 많습니다. 픽업서비스로 주문시 조금 불편하네요
183,주소 입력이 직접입력도 안되는데 검색해서 선택해도 안되네요. 만들다 만 앱 같아요.
184,결제하려는데 계속 인터넷연결 불안정오류 뜨네요 하도 안돼서 와이파이 끄고 데이터로 하는데도 안돼요ㅋㅋㅋ 어쩌라는건지....
185,어플이 계속 초록휴식 글자가 보이는 웨이팅 화면에서 변화하지 않음. 깔았다 지웠다 깔았다 지웠다... 아오
186,도대체 로그인이 왜이렇게 에러인지 없는 정보라 자꾸만 수차례 몇십분 똑같이 해야 겨우 로그인이 되네요 비번재설정 하자ㅠ마자 로그인 하면 에러뜨고 저만 그런가요
187,네이버에는 샵다이소 이용가능 매장이라고 뜨는데 어플에서는 배달가능한 매장하나도없고 뭐하는어플인가요 이어플은 개선안하시나봐요? 네이버랑 통일을 시키던가 서비스가 불가한 지역이면 해당지역은 서비스가 불가능하다고 알럿창을 띄우던가해야지 뭐 되는게없는데 뭐하러 만든지 모르겠네요
188,일단 다른분들 이거 어캐 사용하세요..? 내 기계 다루는 방법에도 문제가있는것같지만 아무리 눌러도 밀어도 올려도 내려도 첫 접속화면에서 미동조차 없는데
189,두달까지만해도 배송되던 지점이 지금은 안된다는데 너무 거지같음 아니 배송안되는데 앱따윌 왜 만든거임 모든지점이 다 배송되어야지 ㅋㅋㅋㅋㅋ개웃기네 진짜
190,신상스티커 사려했는데 로그인 전엔 보이는게 로그인하면 검색도 안됨 이정도면 사기 치는거 아닌지..
191,"처음엔 이용가능했는데... 어느순간부터 주문자가 많은지 당일배송.예약배송 접수가 불가능해짐.... 주문가능수량을 늘이던, 택배배송을 도입하던지 하지... 배송 못 쳐낼걸 왜 어플까지 만들어둔건지..쯧"
192,뭔데요? 배달 한번 이용해봤는데 넘 편리해서 필요한 용품 모아뒀다가 한꺼번에 배달시키려고 한달 뒤에 이용하려니 갑자기 배송 가능 지역이 아니라고? 장난하세요??
193,자주 이용하는 다이소~!!드디어 배송서비스까지~!! 점차 서비스 지역도 기능도 강화하고 있는것 같네요 얼른 전국 서비스가 되기를~*만족합니다~
194,;;;설치 후 바로 들어가서 할땐 잘되더니 지금은 아예 접속도 안되고 로그인 안되고 ㅡㅡ 지울랍니다 그냥
195,집 근처 2km안에 다이소가 두군데 있는데 둘다 배송/픽업이 안됨. 좀 편하겠다 싶었는데~~
196,분명 다이소애 물건있는거를 보고 한번 해봤는데 재고가 없다고 뜨더라고요 쟈 재고가 있는지 없는지 확인이 자세히 안돼서 안좋아요
197,앱으로는 '인터넷 연결이 불안정합니다' 계속 뜸. 샵다이소 웹으로는 왜 접속이 되는건데요?
198,마이페이지 접속 시 데이터가 불안정합니다라고 뜹니다 불안정한건 어플인데 데이터한테 왜그러세요 ....
199,우와~ 기존 다이소 아이디로 로그인된다면서 로그인이 안되네요! 그래서 새로 만들려고 하면 아이디가 이미 있다고나와요! 정말 너무 재밌는 어플이에요! 강추!
200,앱이 실행도 안되네요... 앱 키면 하얀 화면에서 계속 멈춰있어요
201,"일단 전혀 최적화가 안되어있음(화면 회전도 안됨) 지역이 좀 촌구석(?) , 지방이면 배달 따윈 바라지도 마라(픽업도 안되니까) 그냥 있어도 그만 없어도 그만인 앱"
202,"안되는 지역이 다수. 서울은 되는지 모르겠지만, 근처에 다이소 4곳이 있는데 한곳도 안됨."
203,어플 업데이트 후 카드결제창에서 카드번호 누르려는 순간 화면이 백지상태로 전환되어 결재가 되지않습니다
204,재고가 확인이 전혀 안됨. 있다고 해서 갔다가 돈만 날리고 확실하게 좀 해주셨으면 좋겠네요.
205,"재고 확인할라고 깔았더니 주소등록할라고 했는데 주소가 온라인 서비스가 가능한 대상이 아니래나 뭐래나, 왜 주소등록을 불가능하게 해놓으시나"
206,정말 짜증나네요. 왜 지역 주소가 온라인 쇼핑이 안되는 주소라니...어이가 없네욬ㅋㅋ 다른 브랜드는 배송은 늦어도 주소는 다 입력되던데 진짜 너무 화나네요
207,"배달도 안되고, 픽업지점도 40km~50km이상 나가야되고 가까운데 매장이 있는데도 왜 안되는거죠??"
208,로그인후 상품 클릭하면 안들어가지네요 삭제후 재설치해도 동일 오류입니다
209,회원가입하려고 했더니 이미 가입한 회원이라고 함--> 예전에 가입했어나 하며 아이디 찾기함-->회원정보 없다고함;;;
210,"와이파이, 데이터 제대로 연결해도 인터넷 연결이 불안정하다는 팝업이 뜹니다."
211,천원을주문해도배송이되서너무좋아요~ 그러나상품이얼마없어서아쉬워요.
212,네트워크 불안하다는 창 뜨면서 시작화면으로 돌아갑니다 아예 쓰지를 못하게 해놨네요 뱅신같아
213,아직 서비스가능 주소랑 매장이 한정적인게 아쉬워요 ㅠ 원하는 물건 재고 있는가 이것만 사용 가능하지싶네요....
214,서비스 가능 지역이 너무 좁은듯하네요 아직은 서울 경기도권만 되는지 부산까지는 아직인가봐요 점차 서비스 가능 지역이 늘어나길 바라봅니다 부산까지 확대되면 자주 쓸듯합니다
215,회원가입 완료 버튼이 안눌러져요.. 껐다켜고 다시했는데도 안되요
216,우리 다이소에 제가 사고싶은게 있나 싶을때 직접가서 확인해야하는게 불편했는데 이게있으니 우리 다이소엔 이게 없구나 이런걸 알수있어서 좋았어요 글고 제가 사는 지역에 제가 사고싶은 물건이있나 보고 살때 기분이좋았어요 저는 매일 사고싶은게 없을때가 많았는데 이게 있어서 편리하고 샵다이소를 애용하게됐어요 다른 리뷰 보니 불편한 점이 많던데 저는 크게 불편한 점은 없었고 좋은 점이더 많았던것 같아요 그리고 좀더 좋아지면 더 자주 쓸것 같네요
217,수시로 접속이 끊어지고 터치반응 속도가 너무너무 느려요;;;
218,저희 지역에 다이소 좀 큰게 있는데도 온라인서비스를 지원하지 않는다고 하네요 상품 찾을수 있다고해서 깔았는데 다시 삭제합니다
219,상품이 많아졌네요. 이제 집주변도 배송이되는듯? 매장이 더 많아지면 좋겠어요~
220,잘 이용하고 있습니다. 추후 업데이트 시 장바구니 품목 100개 가능하도록 개선 요청드립니다.
221,가입한적도 없고 가입하려고 할때도 조건 다 된다고 해놓고선 가입완료 누르니까 이미 가입했거나 탈퇴회원이라면 나보고 어떡하라는 건지 이해가 안되네
222,배송이 심각하게 느립니다. 예상 배송일보다 두배는 더 느리게 옵니다.
223,뭘사라는건지 검색해도 나오지않고 로딩도 엄청느리고 다른지역 다이소가뜨고 이건뭐 왜만든거죠?
224,그전엔 당일배송도 되고 매장에상품도 많았는데 갑자기 배송매장바뀌고 당일배송은커녕 3일정도가 소요되고 청소포 품절언제쯤 풀리려나 계속 보는데 며칠째 입고도 안되네요 엄청난 인기상품도아닌 매장가면 다있는상품도 품절로떠있으면 어플존재의미를 모르겠네요
225,다이소 진짜 없으면 안되는데 이걸로 신상이나 제품 구경도하고 매장 재고파악도 할 수있어서 나름 유용하게 쓰고 있습니다! 배달은 아직 안시켜봤어요 ㅎㅎ 가성비짱인 다이소를 배달도 해주는 시대라닛❤
226,"픽업 서비스가 전국 지점에 해당이 안 되면 아에 해당되는 지점만 나오게 해주시지 한참 이것저것 해보고 문의했네요 홍보는 뭐하러 하는지??? 되지도 않는 것을... 샵다이소, 다이소몰 통합 안되는건가요?? 비번이 안되네요 앱 쓰기가 힘드네요"
227,품번 오류 계속 뜨면서 상품 찾아지지도 않고 쓰레기 같은 앱.
228,아니 배송지 선택하래서 로그인했는데 페이지를 찾을 수 없음만 나오고 이러면 앱을 쓰라는거임 말라는거임??
229,제품상세 보기후 뒤로가기하면 이전 화면이 아닌 첫화면 가기됨 앱오류 해야함.자동로그인도 안됨
230,집 근처에 가까운곳에 다이소 2군데가 있는데 가까운곳은 안뜨고 조금 더 먼곳이 뜨네요 가까운곳 검색하면 서비스 가능한 매장이 없다고 뜨고 참... 어이없네요 전국 다이소 매장들 거리순으로 정렬했을때 매장들 다 뜨게 해주세요 근처 매장들 다 나오게 해주세요 이거 너무 불편하네요 빠르게 개선바랍니다 어제부터 픽업만 되고 배송을 시킬 수가 없네요 배송시킬려하니까 품절이라하고 배송이 밀린건 알겠는데 배송 못시키게 하면 도대체 이앱 왜잇는거죠? 답답하네요 귀찮아도 직접 다이소 갓다오는게 빠르겟네요 추가로 리뷰 남깁니다 몇달전부터 당일배송되던 곳이 픽업으로 바뀌어서 배송 못시키고 있습니다 당일배송 안되게 막아놓고 사용하게 하면 누가 사용합니까? 황당하고 어이없네요 잇으나 마나한앱이고 리뷰 답변도 없고 사용해야할 이유가 없을듯 해서 저는 탈퇴하고 지울려합니다 다른분들도 깔지마세요
231,존재가치가 없는 앱. 단 한번도 재고가 맞은적이 없음.
232,최초 배송지 등록을 하려는데 우편번호 찾기 화면에서 진행이 안되고 있어요 해결해주세요.
233,집앞 100미터정도 거리에 다이소가 있지만 배달 불가지역이라네요 이앱은 왜만들었을까 집앞 매장에 없는거 구입가능할까싶어 설치해봤지만 필요가 없는 앱이네요 별 한개도 아까워요
234,배송 지역이 아니라고 배송불가는 뭔가요..?? 어차피 택배로 받는건데 배송이 안되는 이유는 뭐고요? 참 특이한 앱이네요
235,아니......기본배송지를정하려고 하면 우편번호찾기해서 주소찾아누르면 온라인가능한주소가아니라고합니다 이걸 지금 10번이나넘게하고있는데 ....아놔 진짜
236,주소 배송지 설정이 되지 않아요. 도대체 온라인으로 배송이 되는 지역이 있기나 한건지 궁금해요.
237,로그인 너무 힘들어요..몇 번을 비밀번호 바꿔도 다른 비밀번호라고 하고..다른 앱들처럼 네이버 연동 좀 할수있게 해줘요
238,다이소몰에서 검색되는 물건이 검색안됨 둘다 다이소인데 어째서 물건 호환이 안되니..... 그냥 배송비 물고 딴데서 사련다...
239,배송 가능지역이 너무 없어요 별도로 배송료 있더라도 일반택배 있으면 좋겠어요
240,실제로 재고가있어도 없다고 뜨고 뭔 지역애 지고가 1도없데요ㅋ 정말 비추입니다
241,배송잘 해주다가 갑자기 배송중단 지역이란다. ㅋㅋㅋ 공지사항이고 뭐고 아무런 설명도 없고 ㅋㅋ어이가없다 뭣같은 서비스. 망해라.
242,"가입해도 로그인이 안됨. 가입이 되었다고 새로 가입도 안됨. 아이디, 비번 검색도 안됨. 쓰레기앱"
243,진짜네요. 까까운매장에도 있는건데 먼 지역만 뜨고...개선이 시급합니다. 어플 개발자님?
244,"별 빵개 왜 안되요? 진짜 이런곳에 굳이 찾아와 리뷰 남기는 사람 아닌데 하도 거지같아서 남깁니다. 배송 가능 지역보다 배송불가 지역이 오만배 많고, 최소한 매장 재고파악은 제대로 되야하는데 정말이지 맞는게 하나도 없어요. 매장에 수두룩 빽빽인 제품이 해당 매장에 없다고 나오는게 한두가지가 아닙니다. 아니, 거의 모든 제품이 그렇고요. 쓰레기도 쓰레기도 이런 쓰레기가 없습니다. 기존에 구축해놓은 배송 라인 가능한 사람들만 계속 쓰라고 있는 어플같아요. 리뷰도 당연히 안보겠죠? 여러분의 소중한 시간을 위해 남깁니다. 재고파악 위해 설치하실분들 깔지 마시고, 우리집이 배송가능 지역인지 확인해보실 분들만 까세요. 근데 아마 불가지역이라 떠서 승질나실거예요."
245,사고싶어도 못사네요 ㅋㅋㅋㅋㅋ 서비스를 이용하고싶은데 이용 불가능 지역이라니... 도서산간도 아니고 경기권인데다가 지역에 다이소만 4군데 정도 되는 곳인데 왜 저희 지역은 안되는 건가요? 배송이나 픽업 가능한 지역 늘려주세요
246,어제까지 잘 썼는데 갑자기 앱이 먹통이됐어요 검색까진 되는데 스크롤이 안돼요ㅠㅠ
247,아니 비밀번호가 설정이 안됩니다 대소문자 특수문자 숫자 넣었는데 왜 안되는지 모르겠어요
248,진심 렉이 왜이렇게 심한지 모르겠어요 로그인해둔 상태에서도 장바구니 담기만 누르면 자꾸 또 로그인하라고 튕기고
249,화면이 잘안넘어가요 다이소몰에 접속하기가 잘안되네요
250,찜한 상품을 선택삭제 할 수 있었으면 좋겠습니다. 일일이 삭제하기 너무 귀찮네요.
251,제품옵션을 배송매세지에 적으라니..... ㅠㅠㅠ 그리고 왠만한건 랜덤으로 받아야하네요.
252,노트10+인데 렉은 렉 대로 걸리고 배송 불가한 위치.. 이럴거면 왜 만든건지.. 내가 지방 사는것도 아니고 수도권에 사는데 대체 왜 배송이 불가한 지역이라는거야..? 이런적 처음이라 너무 당황스러움.
253,왜 저는 샵 다이소 어플을 생각을 못하고 왜 지금 깔았을까요?? 근데 저도 오늘 가입하고 써보려고하는데 제가 쓰던 아이디가 있어서 찾아서 써봤어요 근데 어이가없는건 배달지를 입력하는데 온라인 서비스가 가능한 주소가 아니라는데 이게 뭔...진짜 어이가없네요?? 뭐 어떻게 하라는거예요???? 이런경우는 처음있는일이라 당황스럽네요 그리고 꼭 탈퇴신청을 하려면 홈페이지 들어가서 탈퇴해야하는 번거로움까지
254,몇주동안 안 쓰면 자동 로그인이 풀리는 것 빼곤 괜찮습니다.
255,구매하고자하는 제품이 매장에 없어서 다이소몰에서 구매하려고하니 다이소몰에도 없고 샵다이소에서 구매하려니 제품은 있으나 배송불가지역이네요.
256,왜 어플이 안되는거져 첫화면 늦게 로딩되고 로그인하려고하먼 화면이 멈춰요
257,진짜 별로에요 물건 재고 위치 반영이 제대로 안되어있어요 재고 있다는데는 없고 재고 없다했는데 가보면 있어요 재고있다고해서 갔는데 없어서 매장 직원분한테 여쭤봤는데 짜증만 내시네요
258,검색해도 잘 안 나오고 없는게 더 많네요. 준비도 제대로 안 되었으면서 무슨 이벤트를 하는거죠?ㅋㅋ대단하네요
259,회원가입했는데 로그인 하려고 하니까 없는 아이디로 나와요 아이디검색하면 또 가입했던 아이디 나오고 ㅡㅡ 뭐 어쩌라는거임
260,배송지 입력은 되고 선택하면 안눌러짐... 배송지 입력부터 이러면 어떻게 쓰나요?
261,앱들어갈때마다 로그인 풀려있어서 불편합니다
262,온라인 서비스 이용불가 지역이라니... 힘들게 로그인했더니 기분나쁘네요
263,별 하나도 아까워요. 아무리 시골이라고 해도 온라인배송이 안되는게 말이되나요? 다른앱들이나 온라인 쇼핑 앱들은 다 되는데 이 앱만 안되네요;;; 최악입니다...제발 이런 문제 없애주세요...
264,샵다이소 어플에는 품절인데 매장에 있는경우는 무슨 경우인가요? 매장가서 사는게 더 종류가 많음.. 어플이 왜 있는지 모르겠네요..
265,너무 좋아요 다이소가기전에 가격도 볼수있고 무슨 시즌인지도 알려준다구욧
266,주소 검색하고 선택하면 선택이 안 됨
267,있는 물건이 없음. 배송도 안됨. 주문하려면 정확히 품번 쓰라고 함
268,픽업신청했는데 아침10시부터 픽업된다해놓고 오후2시30분쯤 갔는데 픽업주문이 안들어왔다하고 물건 허둥지둥챙기시고 매장은 너무 바빠서 손님 상대도 못해주고 바쁜 매장이면 사람을 더 늘리던지 어플을 개선해서 이런일 없게하세요. 주차공간도 적어서 골목앞에 댔다가 딱지끊길까 전전긍긍하고 가게 문 열어야되는데 20분 뒤에 와달라고해서 다시 가지러 가야하잖아요ㅡㅡ..사과한마디도 못받고 어떡하지?이러고있고 이게무슨 픽업서비스인지? 이럴거면 그냥 사러갔지;
269,"로그인이 안됨, 비번재설정해도 안됨. 그외 오류가너무많음"
270,"로그인이 안됨!!! 정확히 비번과,아디, 비번도 혹시몰라 교체해도... 멤버쉽앱은 잘되는데, 이앱만 안됨 쇼핑안함 ㅡㅡ"
271,개줬같이만들어놨네 인증다하고 입력다하고 회원가입이 안눌렼ㅋㅋㅋㅋ 삼십분날렸네
272,다이소 출발전에 가격이랑 제품 어떤게 있는지 확인하려고 받음. 앱잘돌아가고 좋아요.
273,작은 ..인터넷 마켓하는데 마침 오피피가 떨어졌어 필요한거랑 같이구매했는대 아직도 물건이 안왔네요.. 뭘기대합니까 삭제하세요 뭐 해외배송같네요
274,업데이트는 있지도 않으면서 왜 계속 마겟으로 이동 창이뜨나요 빨리 해결좀 해주세요 지우고 다시깔아도 뜨네 짜증남
275,샵다이소 배송 안되는 매장은 샵다이소 광고 음악도 안 틀었음 좋겠네요. 도대체 배송매장 언제 추가됩니까? 어플 이상한 거 다 참고 시킬테니 배송매장 좀 추가해주세요....
276,"기껏 가입하고 배송지 넣으려니까 다 안되고, 다이소QR도 안 뜨고 할수 있는게 없네."
277,"장바구니 담은거 삭제 및 수량변경이 안되네요. 앱 재설치해도 같은 증상,심지어 주문도안됨"
278,자동로그인 설정해도 안됨.ㅡㅡ 진짜 불편.
279,버그 수정은 좋이나 ㅋㅋㅋㅋ 회원가입하려는데 주소지 입력 자체가 안되는게 수정된거야 ?
280,우와 진짜 속터집니다. 오류도 많고 무엇보다 진짜 느려터짐
281,인터넷 문제 없는데 연결이 불안정하다는 메시지가 계속 뜨고 사용할수 없네요
282,배송지 입력 오류에 배송지 상관없이 재고검색 안되네요 그게 제일 큰 건데
283,전국적으로 실행 가능할때 하시징ㅠ배송가능 지역이 아니라고 고객센터 문의 ㅡㅡ 여기도 가능할때 다시 다운받겠습니다
284,어이없네요 ㅜ 재고있던게 회원가입하면 품절.택배 배송이면 지역관계없는게 맞지않을까요? 판매하는것처럼 버젖이 올려놓고 주문도안되고 설치하자마자 삭제합니다!
285,매장에 있던 물건을 삽다이소에서 찾는데 없는 물건이 너무 많네요 ㅜ
286,너무 부실해서 삭제.. 장바구니 상품 사라지고 계속 로그인해도 아니라하고ㅜㅜ
287,도데체 왜 안열리는겨? 할로윈뜨고 페이지가 넘어가질 않네. 쇼핑을 못하잖아....
288,매장 직배송이 아닌 택배발송으로 하는거라면 왜 서비스 불가지역이 있는지 모르겠음. 배송은 그렇다쳐도 픽업은 내가 간다는데도 왜 불가한건지 준비 좀 제대로 하고 하지 시간만 날렸네
289,네트워크 접속 불안정하다고 실행조차 안됨 답도 없는 어플임...
290,버스비보다 배달비가 저렴해서 다이소가 멀리있는 저에겐 넘 좋은 서비스네요❤
291,퇴근하다가 피곤해서 다이소 못가는 경우가 많았는데 당일배송되니까 너무 좋네요
292,"카카오뱅크 사용자는 계좌이체,카드결제 둘다 불가능하게 해놨음;;;다른결제수단은 아예없음 ;;다이소 어플 사용하지말라는건가;;;"
293,서비스지역도정해져잇고 옆동네도안되는서 그냥 가야하나보네요.마켓멀리로갑니다.
294,아이디 영문숫자 라고 중복만 안된다고 계속뜨고 가입이 안됩니다 짜증나서 포기했어요
295,잘사용중인데 포인트는 적립만되고 사용은 못하네요...
296,우리 동네도 배송도 되서 필요 기능만 있어서 편해요
297,앱을 이용하고 싶어도 매장이 등록되지 않아 쓰질 못하겠네요 다이소 일곡점 등록 좀 해주세요
298,ㅋㅋㅋ 왠만한 상품은 다 품절됐다 뜨는 저장공간만 차지하는 쓰레기어플
299,방금깔앗는데 서비스지역이 아니라네요..언제 개선되는건지... 앱만들고 얼른 활성화를 해주셔야 소비자들도 만족하면서 쓸꺼아닌가요... 얼른 해결해주세요..
300,로그인이 안되는데요...계속 undefined 나와요.. 오류 수정 좀...
301,지방은 그냥 버렸는지 근처 이용하는 다이소 하나도 등록안되서 쓸가치도 없는 어플입니다
302,잘 쓰고 있는데요 2일 전부터 계속 주문이 안되네요. 잠깐 되고 다시 또 주문이 안되요. 문의를 했더니 정상적으로 운행이 되고 있다고 하는데 제 폰으로는 안된다고 떠요.
303,서비스 지역이 더 늘어났으면 좋겠어요..
304,품번으로도 검색할 수 있었으면 좋겠습니다
305,최악의 어플;; 로그인하니 아예 실행조차 안되게 만들어놓았네요
306,주문하려면 배송비 설정해야되는디 ㅋㅋ 청주는 안되나 봐요 청주 아무주소나 찍어도 다 안되네.... 차라리 어느 지역만 가능하다고 써놨으면 좋을걸 ㅠㅠ
307,최악ㅡㅡ일단 드릅게느리고 튕기고멈추고난리부르스ㅡㅡ픽업주문하고 혹시나해서 지금들어가고니 팝업하나안뜨고 품절취소날려버림ㅡㅡ 어이없네진짜 안내문자라도좀발송해주세요!!!!!
308,왜 자동로그인 설정 해놔도 풀리는건가요.. 오류 해결좀 해주세요
309,어느날부터 갑자기 배송 서비스가 지원되지 않는다고 하는데 고객센터에서는 답변이 없고..잘 이용하고 있었ㄴ느데 당황스럽네요
310,매장늘려주세요 배송지도 저희집은 안되고 너무 짜증나요
311,회원가입을 했는데 바로 오류가 났다고 하네요 지웠다 깔아도 계속 오류가 나요
312,이것 까지마세요.3일전에 주무해 않보고 돈만 먹고 이상앱만 3개깔게하고 별로 않좋아요. 볓 하나주기도 아까운 앱이에요.
313,"배송하는것도 안돼, 픽업도 안돼...도시가 아님 쓰기 너무어려워요"
314,회원가입도 안돼고 아이디 중복도 해야해서. 엄청 불편함 이거 설치 안해야지.1점도 아까움
315,배송되는곳이 굉장히 제한적 시에사는데도 배송불가뜨네요 그래서 앱 삭제~
316,문의를 하면 신기하게 궁금한건 하나도 안 말해주시네요...놀라워라 공지에 적혀있는것만 적고 거기에없는내용은 대답하나도안해주시고...하루넘게기다렸는데 참 좋은 답변받았습니다^^~
317,전국 매장 사용 가능한 것도 아님 매잗픽엊 서비스 이용하려고 해도 검색해보니 광역시 단위의 대도시나 일부 지역 등록 매장맘 가능한 듯 전국 매장 더 되는 것도 아님
318,로그인 자체가 안되요 ㅡㅡ 이번달 배송비며 달력행사한다면서 구매조차안되요
319,싸고 실용적인 상품이 다양하게 많이 있어요
320,"아니 어플받아서 가입하고 쓸려니 그제야 배송불가 지역 띄울꺼 뭐할라고 쓰라고 굉고합니까,,,ㅋㅋㅋ 어디 촌구석도 아닌데 넘나 황당 ㅋ 준비를 똑바로 하고 광고를 하쇼!!"
321,진짜 앱..하..오류 에러 꺼짐 제대로 업데이트해주세요...
322,가능한매장도 없으면서 광고만 엄청하네
323,재고있다고 해서 가면 없고 배송시킨것도 봉다리로 테이프 둘둘 말아오고 결제취소할려고해도 직접 매장에 전화해서 교환환불해야됨 쓰레기어플
324,"나쁘지 않네요, 귀찮게 갈 필요없이 배달해 주니까 편합니다."
325,0개는선택안되나.. 배송지설정하는데 눌러도 반응없음
326,오류가 계속 뜨면서 실행조차 안됨.
327,배송 가능 지역이었는데 한번 배송 오고 불가지 역 됨 본인들 이 하번 배달 와보고 멀다 싶음 안 오는 듯 (차로 20분 내에 다이소 있음)
328,터치여러번해도 말도 잘안듣네요..
329,"여수,순천,광양에도 배송해주세요 부탁합니다"
330,집 근처 다이소 매장은 서비스 대상 매장 아니라고 집에서 3.1km 거리에 있는게 제일 가까운 매장이라 거기라도 일단 찾는 상품 검색해보는데 내가 찾는건 아무것도 안나옴 내가 찾는것만 없어요
331,8월 초만 해도 배송 잘 받고 있었는데 갑자기 배송이 안된다네요? 배송이 안되면 굳이 이 어플을 쓸 필요가 없을 것 같네요.
332,분명 근처에 다이소 매장이 있는데 검색결과로 하나도 뜨지않음
333,샵다이소 원주무실점에서의 신속배송과 놀라운 친절함으로 새로운 경험중이네요. 감동중입니다.
334,재고 수 확인하고 매장 찾아갔더니 없다고 하던데요? 시간 지나면 정보 갱신 되겠거니 했더니 2~3시간 넘게 기다렸다 들어가봤는데 그대로네요?
335,간단하고 간편하고 요긴하고 깔끔해요 ^^~
336,저기 신상품도 없고 매장에있는거 보고왔는데 품절이요 장난해요!
337,아예 열리지도 않는데 광고를 하시면...
338,별 0개는 왜 없나요?깔았다 지웠다 계속 반복하는 중인데 실행자체가 안됌
339,주소지입력하려니깐 온라인주문할수없다고하고 매장상품검색하려해도 주소지 입력이안되서 할수없고 앱이 쓰레기임
340,아니 왜 자꾸 멈취서 클릭이 안되는거죠? 받은지 하루만에 지우게 생겼네요 답답
341,주소가 온라인 배송 안되는데가 있다는게 놀랍다 심지어 산골 깊숙한곳도 아닌데 온라인 서비스가 안된다고한다 이걸 왜 만들었는지 의문이다
342,뭔 개소리지 난 분명 회원가입할때 필수값 맞게 다입력했는데 오류가 계속 뜨넹
343,어디나 매장이 많이도 있는게 다이소인데 샵다이소이용은 지역차별 당하는게 말이되나요??왜 만든건지
344,온라인배송 서비스가 안되는곳이라고 계속 뜨는데 그럼 어디가 배송이 되는겁니까..
345,칼라선택까지해서 장바구니에 담을수있으면 좋겠어요 !
346,다이소 물건 있는지 보고 가려고 깔았는데 정확히 내 주변 더이소만 등록이 안됐네요?
347,회원가입 후에 로그인이 안되서 인증 .비번재설정. 10번 했는데 없는 아아디라고 나옴...핸드폰 집어 던질뻔 했음.....
348,빠른배송과 좋은품질의 제품입니다 감사합니다
349,1도 도움안됨~ 재고 있는 매장도 검색 안됨!!! 화만 만드는 앱
350,이거 앱이 제 구실을 하나도 못하는데요? 제품코드입력부터 배송 모두 오류 투성이
351,앱에서 터치도 제대로 안된다
352,배송지 등록에서 검색후 등록 안됨.
353,다이소 온라인 쇼핑 안쓰는게 낫다고 판단. 편의성을 위해 온라인 쇼핑하는건데 전화를 몇번이나 하는 걸까 화가남.
354,매장재고 확인하려고 깔았는데 배송지입력은 안먹히고 저희 다이소는 뜨지도 않네요 업데이트 안하시나요?
355,저기 죄송핸데 앱관리 안하세요? 사용자분들 대부분 불편을 겪고 있는데 혹시나 했더니 저도 같은 내용으로 불편하네요 배송지 입력이 왜 안되나요?
356,s22울트라. 대문에서 넘어가지 않아요... 배너 닫기 버튼이 비율상 짤린걸까요...?
357,진짜 별로임 검색하는 족족 등록된 제품이 하나도 없음
358,적립금 이벤트 한다는 당일날에 이벤트 페이지만 누르면 404 에러나고 뒤로가기도 안됨. 구매 해도 포인트 적립 혜택 안돼서 주문 취소 했습니다
359,다이소 포인트 앱하고 로그인 인증이 공유 안되 불편 하네요 카톡 처럼 앱이 달라도 같은 회사니 로그인 되게 해야 ㅎ
360,자동 로그인 해놨는데 왜 자꾸 로그인이 풀리나요
361,배송지 설정해도 왜 계속 설정하라고 뺑뺑이 돌립니까?
362,배송으로 주문할때 요긴하게 쓰고 있어요
363,제품명으로 검색 안됨 그나마 나오는건 아무 표시도 안 되어있는데 품절임 장난?
364,다른분들은 가입까지 되서 사용해보시는데~~ 지금 이틀 째 회원가입 완료가 안눌러지네요ㅡㅡ 이런걸 어디에 말해야 되는건가요? 가입자체도 안되니 쓸모가 없네요
365,재고 있는데 없다고 뜨는건 백번천번 이해해도 재고 없는데 있다고 뜨는건 좀 아니지않나? ㅋㅋㅋ
366,우와 너무 좋아요 안 보이면 직원 한태 이거 재고 잇냐고 물어보면 됨 이런 꿀탬. ....♡
367,사용 하고 싶어도 회원가입이 안되네요 ㅎㅎ.... 사용 하지말라고 알아듣겠습니다 이럴거면 왜 이런 앱을 만들었는지 이해가 안되네요
368,부산인데 배송 및 픽업되는 곳이 극히 드뭄. 걍 쿠팡하겠네요.
369,"거참... 이거 오류인가요,,? 왜 조회하는것마다 잘못된 상품 정보인거죠? 나갔다가 들어와도 이러네요 참..ㅋ"
370,앱 다운받아서 주소지 쓰려하는데 배달이 안된다고 하네요. 깡시골도 아닌데 대채왜이렇죠? 그리고 상담전화를 몇번이나 돌렸는데도 안받네요.
371,제트플립3인데 자꾸 업데이트하라는데 업데이트가없습니다
372,찜 선택해서 한번에 삭제 할수 있게 개선 바랍니다
373,안열려요 ㅠㅠ 처음부터 안열리는데 열리고있는지 안열린건지 모르겠어요. 느린것인가요? ㅠㅜ
374,비밀번호 재설정했는데도 계속 로그인이 안돼요
375,자동로그인해놨는데 매번 들어갈때마다 로그인해야함
376,아니.. 도데체 ㅡㅡ 상품검색은 왜해놓은거? 있다고 해서 와보면 없음.. 왜!! 재고있다면서! 이따구로 할꺼면 하지마요
377,"앱,결제방식이 뭐같음 그냥 하던 오프라인 운영이나 하세요 못하는온라인 운영하지마시고"
378,배송비가 조금 비쌌지만 그래도 괜찮아요
379,일부지역은 안되는 지역도 있어서 별로 인 것 같아요
380,검색도안되고 회원가입으로 정보만텀
381,서산지역은 서비스지역이 아니라니..어흐..
382,"ㅠㅠ 배송불가지역이네요,,, 아쉽,,,"
383,아니 주문할려고 하는데 무슨 저희 지역은 배송이 안된다 뭐라 하는거예요 그래서 좀 짜증나네요 원래 제주도는 안되는건가요?
384,가입을 시킬건가요? 말건가요? 개고생만 시키고 뭐하는 겁니까? 회원가입 되야 1:1 문의도 되고 고객센터 연락처도 없고 그냥 앱을 만들지 말던가 사람 스트레스 줄려고 앱 만드나요?
385,검색이안되면 뭐하러 배포하는지 이해불가
386,"창원지역은 마산합성동, 진해한군데밖에 안되네요. 이럴거면 매장에서 샵다이소 광고방송도 안하는게 맞지않나요"
387,제발배송가능지역좀늘려주세요정말서럽다진짜...다이소는할수잇잖아요깡촌살아서이렇게서러웟던적이없어요...제발이렇게부탁드릴게요제발플리즈허엉ㅜㅜㅜㅜㅜ
388,다이소 상품응 배송으로 받을 수 있어서 편리합니다~!
389,접속도 안되고 답답해요
390,원래 배달이 가능했는데 배달 불가 지역이라고 뜨네요ㅠ
391,인터넷 연결이 불안정하다고 화면이 안넘어가네요. 방금 이 앱을 받아서 깔았는데! 방금 받은건 인터넷이 아니라 아웃터넷이요?
392,별점 1점도 안 까움 ;; 들어가지지도 않음 ;
393,왜 지방은 배달이 안되고 픽업만 가능하죠? 픽업은 아무짝에도 쓸모없는데
394,어디든 배송 되는 줄 알고 아이디 만들고 설치했는데 주소 입력하려니 지원하지 않은 주소라고 하면...도대체 무엇을 위해 존재하는 건가요🥲
395,아디비번주소치고 회원가입완료버튼 안눌러지는데 뭐냐 ㅋㅋ 가입하지마? 더러워서안쓴다
396,예장 앱 자체가 안열리네 다른앱은 열리는걸 보니 전파장애는 아니고..음...별을 줘야 등록이되나? 안주고 싶은데..
397,등록 된 매장하고 물건이 너무 없네요..
398,상품랜덤발송에 주문취소하기 버튼은 왜 없죠?
399,흐레기.. 네트워크불안정이라은 창은 안적된 상태 400Mbps인데도 계속걸림. 쓰레기
400,모바일앱에서는 회원가입이 안됨ㅋㅋㅋㅋㅋㅋㅋㅋㅋㅋㅋ웹으로 가입했더니 주소지 등록이 안됨ㅋㅋㅋㅋㅋ장난하나 ㅋㅋㅋㅋㄱ
401,앱 또 장바구니 물건 수정 및 삭제 안되고 주문도 안되네요 제대로 좀 만드세요
402,재고 확인용으로 쓰려 했으나 내 주위에서는 매장이 확인 안 됨
403,왠만하면 이런건 안쓰는데 인천은 되도 않아 시간만 버리고 짜증만 나고 아나...
404,안되는 지역이 더많음 이럴거면 당일배송이라고 써두면안되지않음?
405,그냥 본사에서 배송해주고 배송비 4000원씩 다 받았으면 좋겠네요 2022년에 배송불가지역이 뭐야...
406,장바구니에서 선택 삭제나 항목 개별 삭제가 안됩니다
407,리뷰보고 설마했는데 ㅉ 진짜 개별로 전주에 다이소가 몇갠데 픽업매장이 1개고 집까지는 배송 안되는 곳이라고 하고 ㅋㅋ 뭐하러 앱 만듦?? ㅋㅋㅋ
408,ㅋㅋ 먼 앱을 누구한테 맡겨서 만들엇나..이정도면 돈 안주고 공짜로 만든 앱같은데 심지어 공짜로 줘도 안쓸 앱 수준ㅌㅋㅋ
409,회원가입 완료버튼이 안눌림
410,먹통 왤케 많아요 터치 씹히는현상 많음
411,없는 제품이 많아 아쉬워요
412,"ㅋㅋㅋ 별점0점 주고싶은데 방법 아시는 분??? 요즘 다이소 시장님 책도 홍보중이시던데, 김정은 같음. 최악인걸 덮을려고 잘하는듯 홍보할려고 하시는것 같음. 마치, 김씨일가 업적세우기 동상.자체 유통망으로 배송을 하겠다고 출발하신듯 한데. 김정은 자력겡생,부실공사,속도전을 보는듯 함ㅋ. 빨리 일처리 하자고.급하게 성과내자고 이렇게 미흡하게 준비하고 1%도 준비안된 서비스를 출시하다니, 자신감이 아주그냥 대단하심.."
413,작동조차 안되는 쓰레기 어플. 주 용도는 다시소 고객의 화를 돋구는 용도이다.
414,창원도 나름도신데 배송주소입력도 안되고 필요물품검색해도 없다고 나온데 막상 매장에 가보면있어요 어플관리별로네요
415,직접 안나가도 되니 너무 편해졌어요
416,좋은데 저희 집 주소가 배송이 안되는 지역이라고 뜨는데요
417,파는 상품도 검색이 안되요
418,샵다이소 적용 오프라인 매장이 별로 없네요
419,배송지입력도 안되는 거지같은앱
420,최악! 배송지 등록하려고 하면 오류 불량앱임?
421,2020년 12월 1일 기준으로 일산구에서는 사용할 수 없는 어플이라 아쉽군요ㅠㅠ
422,회원가입할려니 이미 가입되어 있다고 하더니 아이디 찾기 하면 회원정보 없음 세상 이런앱이 다 있네
423,매장별 재고 유무조차 파악 안되고 주문되서 결제했드니 파손우려있어서 안보내준다고 해버리고 그럴꺼면 왜 만든건지 왜 돈 결제 되는건지 왜 파는건지도 모륵겠음
424,걍 쓰레기 이런것도 돈주고 만들텐데 그돈먹튀하나 맞는게하나도없네 집근처 가기전 품명입력하니 재고없음 그래서 근처다른곳 검색하니 재고없음 걸어갈 거리여서 가보니 2군데 다 재고있음ㅋㅋㅋㅋ
425,왜 나 사는곳은 안됨... 매장을 늘려주던가 같은 시내면 되게하던가
426,아니 로그인이 안되서 문의를 하려고 했는데 문의를 하려면 로그인을 하라네요 그래서 로그인을 하려고 했더니 안된다고 문의하래요 뭐 어쩌라는???;;
427,거지같은 앱이군요 배송지등록에서 멈춤.
428,왜 우리집은 배달이 안된다구... 부산은 배달이 안되는 지점이 많나여 ㅜㅜ??
429,어제 배송 첨받았는데 편하고 조으네요
430,장바구니 넣을때마다 로그인 하라고 난리. 짜잘한 오류가 사람을 열받게함
431,현재시각 0시 5분. 0시 30분부터 점검이라는 공지 띄우면서 접속 막아놨네요. 이게 뭔...
432,김해 본점은 사용 왜 안됨? 언제 사뇽가능해여??
433,없는지역은 사지도못하나봐요. 다이소몰 다시깝니다.
434,배송 잘 썼는데 불가지역이네요 어플의 의미가없음
435,배송지등록 클릭이 아예 안되는데요?
436,진짜 개쓰잘데기없네 검색기능 제대로 달아놔라
437,회원가입 하려고 들어가니까 아이디 뭘 쳐도 다 안됀다네요 이거 어떻게해야되나요?
438,별 하나도 아까움.. 들어가지지가 않는데 뭘 어떻게 쓰는건지 참.. 왜 만든걸까..
439,어플 실행조차 안됨. 인터넷연결에 매번 실패
440,앱 속터져요... 너무너무 느려요
441,내가 어플리뷰는 첨 적는다 제발 이런 욕나오는 쓰레기어플좀 만들지마라 비번 몇번째 바꾸고 없는 아디나비번이라하더만 이제는 페이지오류뜨고 시간버리고 성질버리고
442,앱을 좀 만들려면 똑바로 만들던지... 주소등록이 안되잖아요
443,어플맞나요? 켜지지도 않고 뭐 누르면 하루종일 걸려요
444,인터넷연결 불안정합니다. 뜨며 앱을 못슴. 다른앱들은 인터넷 잘됨
445,왜 갑자기 배송중단지역으로 만드세요? 왜 멀쩡히 이용하던 고객을 내쫓는거야?
446,배송 주문 어플 아닌가요? 근데 왜 픽업을 해야하나요 이 어플이 왜 있는지 모르겠어요
447,자신이 수도권쯤 살고있지 않다면 무조건 용량 낭비인 앱 진짜 뭐하나 살려하는데 자꾸 버그뜸 위치때문에 주문도 안됨;; 진짜 기대하며 있었는데 실망감만 안겨주는 앱임 이럴꺼면 매장픽업 왜 만들었냐 욕 나올듯한 앱 진짜 실망이고 깔지 마세요
448,좀 짜증나요 다 좋은데..로그인이 너무힘들어요;;
449,완전 편하게 집콕에서 다이소를 즐겨요 *^^*
450,서비스 가능지역이 너무 없음 괜히 깔았어요 ㅠㅠ
451,샵다이소지정된곳이 집에서 최소한시간떨어진곳밖에 없네요 모든매장이가능하게해주세요
452,픽업도 배송도 안되는 다이소 지점에서 가능한거처럼 방송이나 하지마세요
453,아니 부피가 조금만 크면 픽업전용 배달불가네요? 그럼 뭐하러 여기서 구매하지? 심지어 픽업매장도 한정적임ㅋㅋ뭐 팔고싶은 마음은 있나요? 재고파악도 안됨 ㅋㅋ
454,원래 이런거 잘 안쓰는데 진짜 구려서 써요 주소지 변경하려는데 클릭해도 반응이 없고 기본적인 거조차 제대로 안되고 버벅대는게 말이 되나요 나름 전문가란 사람들이 만든 걸텐데 이 정도면 엑스맨 아니에요? 너무 허접해서 어이가 없어요 구려도 이렇게 구릴 수가 있냐구요
455,"평일에만 배송되고, 배송비까지 2900원으로 올라 무용지물"
456,제품 검색이 제대로 안되네요ㆍ ㆍ매장에 떡하니 있는데도 조회가 안되네 ㆍㆍ
457,배송은 별로고 얍은 쓸만해요 .
458,우와..세상에 저희 지역은 배송이 불가하다고 뜨는데 택배가 안되는 지역이 어딨습니까
459,접속도 안되는 어플을 뭐하러 만들었나요
460,포인트 모으고있는데 사용안한다고 소멸되는거 너무 싫으네요!!!!!!!!!!!!!!!
461,좋긴한데 매장이 안되는곳이 너무많아요
462,반품취소가 어려워서 잘 못 시키면 돈 뜯김
463,패스워드 안맞다고 로그인 불가합니다.
464,1점도 아까워 c뭔 아이디 바꿔가면서 30분을 쳤는데 사용하수없데? 제발 앱 제데로 만들라고요
465,앱이 안열리는데 왜그런거죠? 삭제하고 다시 다운받았는데도 그러네요..
466,왜 로그인이 안되냐구요?? pc는 되는데 모바일은 자꾸 다시 확인하라고 하니 ㅜㅜ
467,원하는 상품이 하나도없냐ㅡㅡ 별 하나도 아깝 차라리 앱을 없애세요 장난함?
468,배송비가 저렴해서 구매하기 좋아요
469,매장에 안가도 필요한 물건을 살 수 있어서 좋아요
470,렉 왤케먹음? 처리속도도 느려서 뭘 못해먹겠네 진짜 시간여행한듯 과거 인터넷속도라 요즘시대가 맞나 싶음 그래서 들어가기가싫음
471,참나... 매장에 재고 알아보려면 로그인을 해라? 구글이나 네이버에서 로그인 안 하면 검색을 못하게 되어 있나요? 간편함이라는 트랜드를 전혀 모르시는듯요
472,품절 상품이 너무 많아요
473,회원가입하려는데 이미 가입되었거나 탈퇴했다고 뜨네요.. 처음 다운받았는데.. 내가 기억을 못하는건가 싶어서 아이디찾기로 가니까 이번엔 회원이 아니래.. 뭐 어쩌라는거야..
474,겁나느림 매장에는 있는데 샵다이소는 없는게 많네요
475,온라인 서비스 지역이 아니라는데 왜만든거요?
476,이거 왜 깔아야하는지 방금깔고 제품검색한번 하고 나니 다음이동이 안됨 ᆢ전혀 이거모야 ㅜㅜ
477,배송지 온라인서비스 가능 불가 지역은 무슨말이에요 여즘 택배 배송 안되는곳이 어디있나요.
478,지방은 배송자체가 아예 안돼네요.. 배송 느려도 되니까 제발 해주시면 안될까요? 3주가 걸려도 돼요.. 제발요
479,진짜 별점이 너무 아까움 ㅋㅋㅋㅋㅋ 아이디가 이것조 저것도 안더ㅣㅁ
480,되는지역보다 안되는 지역이 더 많네요. 되는지역 표시라도 미리 해주세요.ㅜㅠ
481,집이고 자취방이고 다 서비스지역이 아니라네요ㅎㅎㅎ
482,별1개도 아깝네요..로그인 자체가 안되네요
483,주소지근처매장에서만배송이되나봐요그지점에물건이없으면살수가없네요온라인쇼핑개념이라전국에서다구매할수있는지알았네요이런거면가서사품절되서못사는거랑별반차이가없네요전국매장에서다구매가능하게해주셔야하는게아닌지...
484,완전 쓰레기어플 무조건없다고나오네 근처다이소 가니깐 재고 있던데 똑바로허자 진짜ᆢ
485,속도가 너무 느려요
486,배송지 입력이 안돼요 오늘까지 필요한대 나가질 못해서 택배로 시킬려고 했더니 배송지 오류레요 배달이 안된다고 고객센터로 문의하라내요
487,안녕 하세요. 집주소을 입력할려고 하는데 우편찾기까지는 성공했지만 집 주소를 클릭하니깐 고객센터로 문의해주세요 (1599-2211)라고 뜨는데 어떡해 해야되나요??여기는 중부동입니다
488,매장픽업 있으나 마나한 걸 왜 하는지 ㅡㅡ
489,이걸왜 포인트 어플에 연동을안시키고 따로받게만들고난리래 아니면 여기다포인트기능을 넣든가 어플여러개깔게 만드네 짱남
490,업뎃하고 더 느려지는건 무슨 경우임? 이런식으로 일하고 월급받으면 자존심안상하냐?
491,배송지 설정부터 난관~
492,평가를 하고싶어도 화면이 떠야 구경을 하고 평가를 하지...
493,딴건다 되는데 요앱만 인터넷 연결 불안정하다면서 안열려요
494,ㅇㄴ 회원가입 하려고했는데 아이디 다 안된다고하면 어쩌라는거냐고요 진짜 이것보다 답없는 앱은 없을듯요
495,평점 왜그러지??? 배송비 천원에 모든걸 다 사는데ㅋㅋㅋ
496,아니 뭐 어플이 되야 둘러보던가 말던가 하지 한국인의 고질병인 홧병을 유발하는 어플 허튼데 돈 쓰지말고 아끼라는 다이소의 빅 픽쳐 아닐까...^^
497,회원가입도 안되면 뭐 어쩌라는거죠 솔직히 1점도 아깝습니다
498,검색 후 카테고리 검색 되게 요망
499,장바구니에서 삭제도 안되고 먹통임.
500,설치했더니 온라인 가능 주소가 아니라고 나옴. 배송도 안되면서 소비자 농락.
501,앱에서는 없다고 뜨는데 실제로는 있는게많아요
502,배송되는 매장이 몇군데 없고 집근처 다이소는 뜨지도않네요
503,별 하나도 아깝고 본인인증 했는데 뭔 계속 하라고 하세요ㅋㅋ 좀 고쳐주세요
504,이용가능한 매장 늘려주세요!
505,너무느리고 배송가능지역도아니고 근처매장픽업도안됨
506,앱 개선 좀 해주세요 너무 느리고 잘 안돼요
507,배송지등록이 계속 오류남
508,회원가입을 하려고 하니까 본인인증을 하라고 해서 본인인증하고 회원가입하니까 다시 본인인증하라고 팅깁니다 쓰레기 앱 그 잡채
509,광역시도 안된다면ㅎㅎ 소도시는 말할것도없네요
510,앱 접속이 안되네요^^
511,네트워크 왜 불안정?
512,오류인가요?? 404에러가 뜨네요 없어진 링크래요
513,오늘 주문해서 오늘 받으니 너무 좋아요. 앞으로 자주 이용하게 될거 같아요. 감사합니다
514,와 이거 쓰기 편해요! 강추
515,다이소는 정말 사랑입니다 더욱 대박나세요!
516,아니 회원가입도 못하게 만들어놓고 뭘쓰라고 ㅡㅡ
517,아니 뭐 이용가능 지역이 이르케 없는데 쓰라카는기가 쓰지말라는키가 콱 쥐박아뿌까 으따쓸기고 이용가능 지역좀 늘려주라안카나 리뷰는 왜 쳐만들어놧노 고객샌터는 왜있는데 뭐하러 다 만들었는데 ㄹㅇ로 왠만한 지역 다 없으니깐 걍 깔지마셈 괜히 계정 만들었다 이그야
518,아니 저기요? 제 배송지가 온라인서비스가 가능한 주소다 아니라는데 서비스가 가능한 주소가 따로있나요?;;;
519,로그인 안되요 쓰지 말란거지
520,오류가 진짜 너무너무 많아요
521,옵션선택이없어 번거로움
522,회원가입을 못하게 막는 다이소...
523,주소 선택이 안되는거좀 고쳐주세요
524,주소 등록이 안 됨 쓰레기
525,주소 등록이 안돼요.
526,물건이 별로 없어요
527,별 한개도 아깝다 주소 입력 하니까 온라인 서비스가 불가 하단다 이런 쓰레기 어플 만든다고 돈 썼을껀대 돈이 썩어 나는가보네
528,와우..몇달전엔됫는데 안켜지는군요
529,주변에 매장이 없어서 사용불가
530,반응이 너무 느려서 진행을 못하겠네요
531,주소를 입력하려는데 주소가 없는곳이라고 계속떠요
532,로그인오류가 너무 잦음
533,판매중인 상품도 없다고 뜨는데 무슨 기능을 하는거죠?
534,경기 서울 천안 아산 대전 빼곤 배송도 픽업도 안됨 50배 적립이란 큰 이벤트는 열고 지역은 다섯군데뿐
535,접속조차 안되는데 어쩌라는거야...
536,너무 편하고 정말 좋네요
537,좋아요 실용성 있고
538,주소지 등록이 안눌러짐
539,주소찾기가 먹통이라 회원가입이 안돼욧!!!!
540,ㅋㅋ 픽업을해도 포장비를 따로 받네ㅋㅋ
541,필요한 물건이 있어서 좋아요
542,네트워크 오류로 쓰지도못함
543,도대체 자꾸 로그인하라고.. 이렇게 불안정해서야..
544,픽업서비스 수도권밖에 지원안됨 배달지역도 제한적임
545,뭔 살때마다 다품절이래
546,오류가 많아도 너무 많네요.
547,내가 똥손인건지 누르는것 마다 다 품절 바로 삭제 함
548,회원가입하래서 했더니 가입자라고 로그인하라고 하는데 어쩌라는거죠...?
549,안되는 지역이 많은듯
550,너무앱이 느려요 보안해야할듯
551,가능한 배송지를 적어놓으시지요? 가입하다가 황당....
552,ㅋㅋ 상품명 품번 ㅋㅋㅋㅋ
553,다니는 다이소보다 물건이 많이 없어요.
554,"배달이 안와요 도착예정시간에 안오고, 1대1문의해도 알려준 시간에 안오고 이제는 1대1문의해도 환불될지도 모르겠네요 나는 돈이 많고 어디든 기부하고싶다^^ 하시는분들 도전해보세요!!^^"
555,이용하지마세요 서울빼고는 다 이용지역 아님
556,온라인서비스가안된다구 자꾸뜨구 주문안되구 최악
557,주소가 들어가질 안네요 주문을 할수가 없네요 답답해요
558,"다이소 탈퇴회원인데 재가입이 왜 안되나요????????????????????????,??"
559,여전히 배달지역이 아니네요....
560,온라인 서비스가 가능한 주소가 아닙니다라고 나옵니다
561,구매금액 영화예매권 100%당첨이라고 이벤트 적은 것부터 사기 아닙니까? 백여명 선착순이면 바로 마감시켜야지
562,뭐죠 어플 만들어놓고 관리 안해요??? 매장도 안나오고 집주소도 안나오고~ 일안해요???ㅉ
563,4천세대아파트인데 배송불가지역은 뭔지..
564,진짜 자꾸 안들어가져...짜증남
565,지금 설치했는데 실행도 안되네 ㅡㅡ
566,"렉,오류,튕김이 너무 심해요"
567,본인인증했는데 왜 가입이 안되는거죠
568,매장에 재고있어도 없다고 떠. 걍 직접 돌아다녀
569,이벤트 진행한다면서 너무 불안정해요
570,와 무슨짓을 해도 회원가입을 힐수 없는 쓰레기 앱..내가 대표이사면 이 앱 담당자 해고한다
571,아니... 뭐가 열려야지 사용을 하지요~~~
572,왜 실행이 안되나요
573,오류가 너무 심함
574,간편하고 좋아요
575,아이디 생성 조차 안되는데 이용을 어떻게 하나요?
576,접속되는거 기다리다가 홧병나겠어요
577,불편한점 없는것 같아요
578,1점도 아깝네 로그인 안돼
579,너무 편리합니다
580,리뷰보고 깔지말껄^^.. 괜히 설치제거 시간낭비햇넹
581,ㅋㅋㅋㅋ 장난하나 회원가입도 안되는데 뭐해라고
582,준비도 없이 오픈한 앱.
583,저는 일반 사용자인데 해킹위험 있다는게 무슨 말일까요?
584,"로딩에서 안넘어가는디유,,,"
585,네이버 페이 생긴거 다행이네요 감사랍니다
586,오후8시에온다더니 계속 늦고늦어 새벽2시에온덴다.... 또 이런거 신경쓰여서 잠못자는데 차라리 내일 오후에오지는...하...잠도편히못자고 기다리는중
587,대구지역은 언제쯤 가능할까요ㅜㅡ
588,금방가입했은데 왜아이디가 없다고 나옴?!!ㅡㅡ 어이가없네:;;;
589,저만 새벽시간에 먹통이 되는건가요?
590,배달지역안된다네요.....
591,초기 로딩에서 안넘어가요 울트라노트20
592,유용하게 사용중
593,너무 편해요!
594,배송지 주소 선택이 안됨
595,렉뒤지게걸리는데 서버관리안하십니까ㅠ
596,로그인이 왜이래요!!!
597,앱이 잘 돌아가네요..
598,와우~ 많이 바뀌었대요.
599,로그인이잘안돼고살수도없다
600,매장이 없는데 신림 언제되나요
601,로그인하면 에러가 나네요
602,배달비가 올라서 삭제합니다
603,진짜 반응이 너~무 느림
604,아예 안들어가지잖아요 제발 관리좀 해주세요
605,개판이네요. 노력하십셔
606,상품이 하나도 없는데요?
607,부산도 배송이안됨 우째씀?
608,하....왜만든거냐
609,간편결제할 때 자꾸 머춰요.
610,로긴이 안됨 왜 만들어씀?
611,군산 빼고 다 있네요
612,편리하네요.
613,서울에서만 될듯 쓰레기
614,로그인 화면에서 멈춰요
615,로그인이 안돼요
616,1점도 아깝다
617,됐다가 안됐다가 인내심테스트기인가
618,없는게넘많아요ㅠ
619,오류가 많아요
620,0점이 없어서 1점
621,오류만발이네요
622,어플이 안 열리잖아요ㅡㅡ
623,계속 멈추네요
624,안하느니만 못함 최악
625,가성비가만족합니다
626,로그인이안되요ㅡㅡ
627,느려터져서 어디쓰겠습니까
628,주소가 등록안됨 갸쑤래기앱
629,왜 만들었는지 모르겠는 어플
630,다이소의 명성을
631,쓸모가 없네요
632,다이소 임원들아 월급 토해내렴
633,쿠팡이 훨씬 나은듯...
634,설치가 안됨.
635,쓰래기앱 하지마세요
636,사용하기 좋아요
637,회원가입 불.가
638,앱 왜이렇게 죽냐
639,뭔 어플을 이따위로 만들었어ㅋㅋ
640,저희 동네는 안되네요....
641,아무것도 안됨
642,ㅣㅣㅣㅐㄱ니 ㅣㅣㅣ
